<?xml version="1.0" encoding="utf-8"?>
<Presentation version="8.0.2027.0127"><ResChangeList><AddRes time="0.000"><Resource id="R0" resType="Audio" visible="false"><Page id="P0" pageType="Audio" format="AV" url="res/AV/audio.xml" entry="0" size="4358421"/></Resource></AddRes><AddRes time="0.000"><Resource id="R1" resType="Ppt" visible="true"><Page id="P1" pageType="Ppt" format="Slides" url="res/Slide/0/Slide0209.htm" width="704" height="528" size="12423"><Related url="res/Slide/0/master08.xml" size="9081"/><Related url="res/Slide/0/master08_image001.jpg" size="37970"/><Related url="res/Slide/0/master08_image001.jpg" size="37970"/><Related url="res/Slide/0/master08_stylesheet.css" size="8954"/><Related url="res/Slide/0/script.js" size="30101"/><Related url="res/Slide/0/slide0209_image003.png" size="3301998"/><Related url="res/Slide/0/slide0209_image004.gif" size="152288"/><Related url="res/Slide/0/slide0209_image005.gif" size="740"/></Page><Page id="P2" pageType="Ppt" format="Slides" url="res/Slide/0/Slide0210.htm" width="704" height="528" size="11045"><Related url="res/Slide/0/master08.xml" size="9081"/><Related url="res/Slide/0/master08_image001.jpg" size="37970"/><Related url="res/Slide/0/master08_image001.jpg" size="37970"/><Related url="res/Slide/0/master08_stylesheet.css" size="8954"/><Related url="res/Slide/0/script.js" size="30101"/></Page><Page id="P3" pageType="Ppt" format="Slides" url="res/Slide/0/Slide0167.htm" width="704" height="528" size="12300"><Related url="res/Slide/0/master08.xml" size="9081"/><Related url="res/Slide/0/master08_image001.jpg" size="37970"/><Related url="res/Slide/0/master08_image001.jpg" size="37970"/><Related url="res/Slide/0/master08_stylesheet.css" size="8954"/><Related url="res/Slide/0/script.js" size="30101"/><Related url="res/Slide/0/slide0167_image006.jpg" size="119594"/><Related url="res/Slide/0/slide0167_image007.gif" size="161322"/><Related url="res/Slide/0/slide0167_image008.gif" size="1614"/></Page><Page id="P4" pageType="Ppt" format="Slides" url="res/Slide/0/Slide0171.htm" width="704" height="528" size="12979"><Related url="res/Slide/0/master08.xml" size="9081"/><Related url="res/Slide/0/master08_image001.jpg" size="37970"/><Related url="res/Slide/0/master08_image001.jpg" size="37970"/><Related url="res/Slide/0/master08_stylesheet.css" size="8954"/><Related url="res/Slide/0/script.js" size="30101"/></Page><Page id="P5" pageType="Ppt" format="Slides" url="res/Slide/0/Slide0172.htm" width="704" height="528" size="5059"><Related url="res/Slide/0/master08.xml" size="9081"/><Related url="res/Slide/0/master08_image001.jpg" size="37970"/><Related url="res/Slide/0/master08_image001.jpg" size="37970"/><Related url="res/Slide/0/master08_stylesheet.css" size="8954"/><Related url="res/Slide/0/script.js" size="30101"/><Related url="res/Slide/0/slide0172_image009.emz" size="17405"/><Related url="res/Slide/0/slide0172_image010.gif" size="10016"/></Page><Page id="P6" pageType="Ppt" format="Slides" url="res/Slide/0/Slide0173.htm" width="704" height="528" size="9742"><Related url="res/Slide/0/master08.xml" size="9081"/><Related url="res/Slide/0/master08_image001.jpg" size="37970"/><Related url="res/Slide/0/master08_image001.jpg" size="37970"/><Related url="res/Slide/0/master08_stylesheet.css" size="8954"/><Related url="res/Slide/0/script.js" size="30101"/><Related url="res/Slide/0/slide0173_image011.emz" size="4751"/><Related url="res/Slide/0/slide0173_image012.gif" size="3437"/></Page><Page id="P7" pageType="Ppt" format="Slides" url="res/Slide/0/Slide0174.htm" width="704" height="528" size="10401"><Related url="res/Slide/0/master08.xml" size="9081"/><Related url="res/Slide/0/master08_image001.jpg" size="37970"/><Related url="res/Slide/0/master08_image001.jpg" size="37970"/><Related url="res/Slide/0/master08_stylesheet.css" size="8954"/><Related url="res/Slide/0/script.js" size="30101"/><Related url="res/Slide/0/slide0174_image013.gif" size="450"/><Related url="res/Slide/0/slide0174_image014.png" size="26670"/><Related url="res/Slide/0/slide0174_image015.gif" size="5837"/></Page><Page id="P8" pageType="Ppt" format="Slides" url="res/Slide/0/Slide0175.htm" width="704" height="528" size="8535"><Related url="res/Slide/0/master08.xml" size="9081"/><Related url="res/Slide/0/master08_image001.jpg" size="37970"/><Related url="res/Slide/0/master08_image001.jpg" size="37970"/><Related url="res/Slide/0/master08_stylesheet.css" size="8954"/><Related url="res/Slide/0/script.js" size="30101"/></Page><Page id="P9" pageType="Ppt" format="Slides" url="res/Slide/0/Slide0176.htm" width="704" height="528" size="25515"><Related url="res/Slide/0/master08.xml" size="9081"/><Related url="res/Slide/0/master08_image001.jpg" size="37970"/><Related url="res/Slide/0/master08_image001.jpg" size="37970"/><Related url="res/Slide/0/master08_stylesheet.css" size="8954"/><Related url="res/Slide/0/script.js" size="30101"/><Related url="res/Slide/0/slide0176_image016.gif" size="1496"/></Page><Page id="P10" pageType="Ppt" format="Slides" url="res/Slide/0/Slide0177.htm" width="704" height="528" size="16515"><Related url="res/Slide/0/master08.xml" size="9081"/><Related url="res/Slide/0/master08_image001.jpg" size="37970"/><Related url="res/Slide/0/master08_image001.jpg" size="37970"/><Related url="res/Slide/0/master08_stylesheet.css" size="8954"/><Related url="res/Slide/0/script.js" size="30101"/><Related url="res/Slide/0/slide0177_image017.gif" size="1205"/></Page><Page id="P11" pageType="Ppt" format="Slides" url="res/Slide/0/Slide0178.htm" width="704" height="528" size="9693"><Related url="res/Slide/0/master08.xml" size="9081"/><Related url="res/Slide/0/master08_image001.jpg" size="37970"/><Related url="res/Slide/0/master08_image001.jpg" size="37970"/><Related url="res/Slide/0/master08_stylesheet.css" size="8954"/><Related url="res/Slide/0/script.js" size="30101"/></Page><Page id="P12" pageType="Ppt" format="Slides" url="res/Slide/0/Slide0179.htm" width="704" height="528" size="7422"><Related url="res/Slide/0/master08.xml" size="9081"/><Related url="res/Slide/0/master08_image001.jpg" size="37970"/><Related url="res/Slide/0/master08_image001.jpg" size="37970"/><Related url="res/Slide/0/master08_stylesheet.css" size="8954"/><Related url="res/Slide/0/script.js" size="30101"/><Related url="res/Slide/0/slide0179_image018.emz" size="3357"/><Related url="res/Slide/0/slide0179_image019.gif" size="4880"/><Related url="res/Slide/0/slide0179_image020.png" size="37532"/><Related url="res/Slide/0/slide0179_image021.gif" size="7448"/></Page><Page id="P13" pageType="Ppt" format="Slides" url="res/Slide/0/Slide0180.htm" width="704" height="528" size="13053"><Related url="res/Slide/0/master08.xml" size="9081"/><Related url="res/Slide/0/master08_image001.jpg" size="37970"/><Related url="res/Slide/0/master08_image001.jpg" size="37970"/><Related url="res/Slide/0/master08_stylesheet.css" size="8954"/><Related url="res/Slide/0/script.js" size="30101"/><Related url="res/Slide/0/slide0180_image022.png" size="17082"/><Related url="res/Slide/0/slide0180_image023.gif" size="7214"/><Related url="res/Slide/0/slide0180_image024.gif" size="1001"/></Page><Page id="P14" pageType="Ppt" format="Slides" url="res/Slide/0/Slide0181.htm" width="704" height="528" size="9166"><Related url="res/Slide/0/master08.xml" size="9081"/><Related url="res/Slide/0/master08_image001.jpg" size="37970"/><Related url="res/Slide/0/master08_image001.jpg" size="37970"/><Related url="res/Slide/0/master08_stylesheet.css" size="8954"/><Related url="res/Slide/0/script.js" size="30101"/><Related url="res/Slide/0/slide0181_image025.emz" size="10081"/><Related url="res/Slide/0/slide0181_image026.gif" size="1454"/><Related url="res/Slide/0/slide0181_image027.jpg" size="13066"/><Related url="res/Slide/0/slide0181_image028.gif" size="3824"/></Page><Page id="P15" pageType="Ppt" format="Slides" url="res/Slide/0/Slide0182.htm" width="704" height="528" size="66220"><Related url="res/Slide/0/master08.xml" size="9081"/><Related url="res/Slide/0/master08_image001.jpg" size="37970"/><Related url="res/Slide/0/master08_image001.jpg" size="37970"/><Related url="res/Slide/0/master08_stylesheet.css" size="8954"/><Related url="res/Slide/0/script.js" size="30101"/><Related url="res/Slide/0/slide0181_image025.emz" size="10081"/><Related url="res/Slide/0/slide0182_image029.gif" size="1527"/><Related url="res/Slide/0/slide0182_image030.gif" size="1485"/><Related url="res/Slide/0/slide0182_image031.png" size="268632"/><Related url="res/Slide/0/slide0182_image032.gif" size="7201"/></Page><Page id="P16" pageType="Ppt" format="Slides" url="res/Slide/0/Slide0183.htm" width="704" height="528" size="61177"><Related url="res/Slide/0/master08.xml" size="9081"/><Related url="res/Slide/0/master08_image001.jpg" size="37970"/><Related url="res/Slide/0/master08_image001.jpg" size="37970"/><Related url="res/Slide/0/master08_stylesheet.css" size="8954"/><Related url="res/Slide/0/script.js" size="30101"/><Related url="res/Slide/0/slide0181_image025.emz" size="10081"/><Related url="res/Slide/0/slide0182_image031.png" size="268632"/><Related url="res/Slide/0/slide0183_image033.gif" size="3146"/><Related url="res/Slide/0/slide0183_image034.gif" size="7156"/><Related url="res/Slide/0/slide0183_image035.png" size="54421"/><Related url="res/Slide/0/slide0183_image036.gif" size="5047"/></Page><Page id="P17" pageType="Ppt" format="Slides" url="res/Slide/0/Slide0184.htm" width="704" height="528" size="10741"><Related url="res/Slide/0/master08.xml" size="9081"/><Related url="res/Slide/0/master08_image001.jpg" size="37970"/><Related url="res/Slide/0/master08_image001.jpg" size="37970"/><Related url="res/Slide/0/master08_stylesheet.css" size="8954"/><Related url="res/Slide/0/script.js" size="30101"/></Page><Page id="P18" pageType="Ppt" format="Slides" url="res/Slide/0/Slide0216.htm" width="704" height="528" size="8727"><Related url="res/Slide/0/master08.xml" size="9081"/><Related url="res/Slide/0/master08_image001.jpg" size="37970"/><Related url="res/Slide/0/master08_image001.jpg" size="37970"/><Related url="res/Slide/0/master08_stylesheet.css" size="8954"/><Related url="res/Slide/0/script.js" size="30101"/><Related url="res/Slide/0/slide0216_image037.png" size="94914"/><Related url="res/Slide/0/slide0216_image038.gif" size="9873"/></Page><Page id="P19" pageType="Ppt" format="Slides" url="res/Slide/0/Slide0185.htm" width="704" height="528" size="10269"><Related url="res/Slide/0/master08.xml" size="9081"/><Related url="res/Slide/0/master08_image001.jpg" size="37970"/><Related url="res/Slide/0/master08_image001.jpg" size="37970"/><Related url="res/Slide/0/master08_stylesheet.css" size="8954"/><Related url="res/Slide/0/script.js" size="30101"/></Page><Page id="P20" pageType="Ppt" format="Slides" url="res/Slide/0/Slide0186.htm" width="704" height="528" size="32034"><Related url="res/Slide/0/master08.xml" size="9081"/><Related url="res/Slide/0/master08_image001.jpg" size="37970"/><Related url="res/Slide/0/master08_image001.jpg" size="37970"/><Related url="res/Slide/0/master08_stylesheet.css" size="8954"/><Related url="res/Slide/0/script.js" size="30101"/><Related url="res/Slide/0/slide0186_image039.gif" size="1544"/></Page><Page id="P21" pageType="Ppt" format="Slides" url="res/Slide/0/Slide0187.htm" width="704" height="528" size="10819"><Related url="res/Slide/0/master08.xml" size="9081"/><Related url="res/Slide/0/master08_image001.jpg" size="37970"/><Related url="res/Slide/0/master08_image001.jpg" size="37970"/><Related url="res/Slide/0/master08_stylesheet.css" size="8954"/><Related url="res/Slide/0/script.js" size="30101"/></Page><Page id="P22" pageType="Ppt" format="Slides" url="res/Slide/0/Slide0211.htm" width="704" height="528" size="12071"><Related url="res/Slide/0/master08.xml" size="9081"/><Related url="res/Slide/0/master08_image001.jpg" size="37970"/><Related url="res/Slide/0/master08_image001.jpg" size="37970"/><Related url="res/Slide/0/master08_stylesheet.css" size="8954"/><Related url="res/Slide/0/script.js" size="30101"/></Page><Page id="P23" pageType="Ppt" format="Slides" url="res/Slide/0/Slide0188.htm" width="704" height="528" size="19741"><Related url="res/Slide/0/master08.xml" size="9081"/><Related url="res/Slide/0/master08_image001.jpg" size="37970"/><Related url="res/Slide/0/master08_image001.jpg" size="37970"/><Related url="res/Slide/0/master08_stylesheet.css" size="8954"/><Related url="res/Slide/0/script.js" size="30101"/><Related url="res/Slide/0/slide0188_image040.gif" size="882"/></Page><Page id="P24" pageType="Ppt" format="Slides" url="res/Slide/0/Slide0189.htm" width="704" height="528" size="8054"><Related url="res/Slide/0/master08.xml" size="9081"/><Related url="res/Slide/0/master08_image001.jpg" size="37970"/><Related url="res/Slide/0/master08_image001.jpg" size="37970"/><Related url="res/Slide/0/master08_stylesheet.css" size="8954"/><Related url="res/Slide/0/script.js" size="30101"/></Page><Page id="P25" pageType="Ppt" format="Slides" url="res/Slide/0/Slide0190.htm" width="704" height="528" size="10918"><Related url="res/Slide/0/master08.xml" size="9081"/><Related url="res/Slide/0/master08_image001.jpg" size="37970"/><Related url="res/Slide/0/master08_image001.jpg" size="37970"/><Related url="res/Slide/0/master08_stylesheet.css" size="8954"/><Related url="res/Slide/0/script.js" size="30101"/><Related url="res/Slide/0/slide0190_image041.png" size="37782"/><Related url="res/Slide/0/slide0190_image042.gif" size="6708"/></Page><Page id="P26" pageType="Ppt" format="Slides" url="res/Slide/0/Slide0191.htm" width="704" height="528" size="10634"><Related url="res/Slide/0/master08.xml" size="9081"/><Related url="res/Slide/0/master08_image001.jpg" size="37970"/><Related url="res/Slide/0/master08_image001.jpg" size="37970"/><Related url="res/Slide/0/master08_stylesheet.css" size="8954"/><Related url="res/Slide/0/script.js" size="30101"/><Related url="res/Slide/0/slide0191_image043.emz" size="6319"/><Related url="res/Slide/0/slide0191_image044.gif" size="2853"/><Related url="res/Slide/0/slide0191_image045.emz" size="1672"/><Related url="res/Slide/0/slide0191_image046.gif" size="1599"/></Page><Page id="P27" pageType="Ppt" format="Slides" url="res/Slide/0/Slide0192.htm" width="704" height="528" size="9704"><Related url="res/Slide/0/master08.xml" size="9081"/><Related url="res/Slide/0/master08_image001.jpg" size="37970"/><Related url="res/Slide/0/master08_image001.jpg" size="37970"/><Related url="res/Slide/0/master08_stylesheet.css" size="8954"/><Related url="res/Slide/0/script.js" size="30101"/></Page><Page id="P28" pageType="Ppt" format="Slides" url="res/Slide/0/Slide0193.htm" width="704" height="528" size="20433"><Related url="res/Slide/0/master08.xml" size="9081"/><Related url="res/Slide/0/master08_image001.jpg" size="37970"/><Related url="res/Slide/0/master08_image001.jpg" size="37970"/><Related url="res/Slide/0/master08_stylesheet.css" size="8954"/><Related url="res/Slide/0/script.js" size="30101"/><Related url="res/Slide/0/slide0193_image047.gif" size="1253"/></Page><Page id="P29" pageType="Ppt" format="Slides" url="res/Slide/0/Slide0194.htm" width="704" height="528" size="13576"><Related url="res/Slide/0/master08.xml" size="9081"/><Related url="res/Slide/0/master08_image001.jpg" size="37970"/><Related url="res/Slide/0/master08_image001.jpg" size="37970"/><Related url="res/Slide/0/master08_stylesheet.css" size="8954"/><Related url="res/Slide/0/script.js" size="30101"/><Related url="res/Slide/0/slide0194_image048.gif" size="853"/></Page><Page id="P30" pageType="Ppt" format="Slides" url="res/Slide/0/Slide0195.htm" width="704" height="528" size="17892"><Related url="res/Slide/0/master08.xml" size="9081"/><Related url="res/Slide/0/master08_image001.jpg" size="37970"/><Related url="res/Slide/0/master08_image001.jpg" size="37970"/><Related url="res/Slide/0/master08_stylesheet.css" size="8954"/><Related url="res/Slide/0/script.js" size="30101"/><Related url="res/Slide/0/slide0195_image049.gif" size="927"/></Page><Page id="P31" pageType="Ppt" format="Slides" url="res/Slide/0/Slide0196.htm" width="704" height="528" size="11734"><Related url="res/Slide/0/master08.xml" size="9081"/><Related url="res/Slide/0/master08_image001.jpg" size="37970"/><Related url="res/Slide/0/master08_image001.jpg" size="37970"/><Related url="res/Slide/0/master08_stylesheet.css" size="8954"/><Related url="res/Slide/0/script.js" size="30101"/><Related url="res/Slide/0/slide0196_image050.emz" size="1388"/><Related url="res/Slide/0/slide0196_image051.gif" size="1836"/><Related url="res/Slide/0/slide0196_image052.emz" size="1420"/><Related url="res/Slide/0/slide0196_image053.gif" size="1780"/><Related url="res/Slide/0/slide0196_image054.emz" size="1421"/><Related url="res/Slide/0/slide0196_image055.gif" size="1842"/><Related url="res/Slide/0/slide0196_image056.emz" size="1356"/><Related url="res/Slide/0/slide0196_image057.gif" size="1560"/></Page><Page id="P32" pageType="Ppt" format="Slides" url="res/Slide/0/Slide0197.htm" width="704" height="528" size="4764"><Related url="res/Slide/0/master08.xml" size="9081"/><Related url="res/Slide/0/master08_image001.jpg" size="37970"/><Related url="res/Slide/0/master08_image001.jpg" size="37970"/><Related url="res/Slide/0/master08_stylesheet.css" size="8954"/><Related url="res/Slide/0/script.js" size="30101"/><Related url="res/Slide/0/slide0197_image058.png" size="27057"/><Related url="res/Slide/0/slide0197_image059.gif" size="15901"/></Page><Page id="P33" pageType="Ppt" format="Slides" url="res/Slide/0/Slide0198.htm" width="704" height="528" size="11929"><Related url="res/Slide/0/master08.xml" size="9081"/><Related url="res/Slide/0/master08_image001.jpg" size="37970"/><Related url="res/Slide/0/master08_image001.jpg" size="37970"/><Related url="res/Slide/0/master08_stylesheet.css" size="8954"/><Related url="res/Slide/0/script.js" size="30101"/><Related url="res/Slide/0/slide0198_image060.emz" size="4194"/><Related url="res/Slide/0/slide0198_image061.gif" size="5211"/><Related url="res/Slide/0/slide0198_image062.gif" size="547"/></Page><Page id="P34" pageType="Ppt" format="Slides" url="res/Slide/0/Slide0199.htm" width="704" height="528" size="4825"><Related url="res/Slide/0/master08.xml" size="9081"/><Related url="res/Slide/0/master08_image001.jpg" size="37970"/><Related url="res/Slide/0/master08_image001.jpg" size="37970"/><Related url="res/Slide/0/master08_stylesheet.css" size="8954"/><Related url="res/Slide/0/script.js" size="30101"/><Related url="res/Slide/0/slide0199_image063.png" size="183046"/><Related url="res/Slide/0/slide0199_image064.gif" size="12508"/></Page><Page id="P35" pageType="Ppt" format="Slides" url="res/Slide/0/Slide0200.htm" width="704" height="528" size="18079"><Related url="res/Slide/0/master08.xml" size="9081"/><Related url="res/Slide/0/master08_image001.jpg" size="37970"/><Related url="res/Slide/0/master08_image001.jpg" size="37970"/><Related url="res/Slide/0/master08_stylesheet.css" size="8954"/><Related url="res/Slide/0/script.js" size="30101"/><Related url="res/Slide/0/slide0200_image065.gif" size="1009"/></Page><Page id="P36" pageType="Ppt" format="Slides" url="res/Slide/0/Slide0201.htm" width="704" height="528" size="13314"><Related url="res/Slide/0/master08.xml" size="9081"/><Related url="res/Slide/0/master08_image001.jpg" size="37970"/><Related url="res/Slide/0/master08_image001.jpg" size="37970"/><Related url="res/Slide/0/master08_stylesheet.css" size="8954"/><Related url="res/Slide/0/script.js" size="30101"/><Related url="res/Slide/0/slide0201_image066.png" size="10235"/><Related url="res/Slide/0/slide0201_image067.gif" size="6002"/></Page><Page id="P37" pageType="Ppt" format="Slides" url="res/Slide/0/Slide0202.htm" width="704" height="528" size="10990"><Related url="res/Slide/0/master08.xml" size="9081"/><Related url="res/Slide/0/master08_image001.jpg" size="37970"/><Related url="res/Slide/0/master08_image001.jpg" size="37970"/><Related url="res/Slide/0/master08_stylesheet.css" size="8954"/><Related url="res/Slide/0/script.js" size="30101"/></Page><Page id="P38" pageType="Ppt" format="Slides" url="res/Slide/0/Slide0217.htm" width="704" height="528" size="21897"><Related url="res/Slide/0/master08.xml" size="9081"/><Related url="res/Slide/0/master08_image001.jpg" size="37970"/><Related url="res/Slide/0/master08_image001.jpg" size="37970"/><Related url="res/Slide/0/master08_stylesheet.css" size="8954"/><Related url="res/Slide/0/script.js" size="30101"/><Related url="res/Slide/0/slide0217_image068.emz" size="1634"/><Related url="res/Slide/0/slide0217_image069.gif" size="1066"/><Related url="res/Slide/0/slide0217_image070.png" size="8290"/><Related url="res/Slide/0/slide0217_image071.gif" size="7744"/><Related url="res/Slide/0/slide0217_image072.gif" size="243"/></Page><Page id="P39" pageType="Ppt" format="Slides" url="res/Slide/0/Slide0203.htm" width="704" height="528" size="26364"><Related url="res/Slide/0/master08.xml" size="9081"/><Related url="res/Slide/0/master08_image001.jpg" size="37970"/><Related url="res/Slide/0/master08_image001.jpg" size="37970"/><Related url="res/Slide/0/master08_stylesheet.css" size="8954"/><Related url="res/Slide/0/script.js" size="30101"/><Related url="res/Slide/0/slide0197_image058.png" size="27057"/><Related url="res/Slide/0/slide0203_image073.gif" size="9660"/><Related url="res/Slide/0/slide0203_image074.gif" size="427"/><Related url="res/Slide/0/slide0203_image075.gif" size="315"/><Related url="res/Slide/0/slide0203_image076.gif" size="225"/><Related url="res/Slide/0/slide0217_image070.png" size="8290"/></Page><Page id="P40" pageType="Ppt" format="Slides" url="res/Slide/0/Slide0204.htm" width="704" height="528" size="14591"><Related url="res/Slide/0/master08.xml" size="9081"/><Related url="res/Slide/0/master08_image001.jpg" size="37970"/><Related url="res/Slide/0/master08_image001.jpg" size="37970"/><Related url="res/Slide/0/master08_stylesheet.css" size="8954"/><Related url="res/Slide/0/script.js" size="30101"/><Related url="res/Slide/0/slide0204_image077.wmz" size="5198"/><Related url="res/Slide/0/slide0204_image078.gif" size="2930"/></Page><Page id="P41" pageType="Ppt" format="Slides" url="res/Slide/0/Slide0219.htm" width="704" height="528" size="16033"><Related url="res/Slide/0/master08.xml" size="9081"/><Related url="res/Slide/0/master08_image001.jpg" size="37970"/><Related url="res/Slide/0/master08_image001.jpg" size="37970"/><Related url="res/Slide/0/master08_stylesheet.css" size="8954"/><Related url="res/Slide/0/script.js" size="30101"/><Related url="res/Slide/0/slide0204_image077.wmz" size="5198"/><Related url="res/Slide/0/slide0219_image079.gif" size="2643"/></Page><Page id="P42" pageType="Ppt" format="Slides" url="res/Slide/0/Slide0218.htm" width="704" height="528" size="14069"><Related url="res/Slide/0/master08.xml" size="9081"/><Related url="res/Slide/0/master08_image001.jpg" size="37970"/><Related url="res/Slide/0/master08_image001.jpg" size="37970"/><Related url="res/Slide/0/master08_stylesheet.css" size="8954"/><Related url="res/Slide/0/script.js" size="30101"/><Related url="res/Slide/0/slide0204_image077.wmz" size="5198"/><Related url="res/Slide/0/slide0218_image080.gif" size="2894"/></Page><Page id="P43" pageType="Ppt" format="Slides" url="res/Slide/0/Slide0206.htm" width="704" height="528" size="26408"><Related url="res/Slide/0/master08.xml" size="9081"/><Related url="res/Slide/0/master08_image001.jpg" size="37970"/><Related url="res/Slide/0/master08_image001.jpg" size="37970"/><Related url="res/Slide/0/master08_stylesheet.css" size="8954"/><Related url="res/Slide/0/script.js" size="30101"/><Related url="res/Slide/0/slide0206_image081.gif" size="1012"/></Page><Page id="P44" pageType="Ppt" format="Slides" url="res/Slide/0/Slide0207.htm" width="704" height="528" size="15879"><Related url="res/Slide/0/master08.xml" size="9081"/><Related url="res/Slide/0/master08_image001.jpg" size="37970"/><Related url="res/Slide/0/master08_image001.jpg" size="37970"/><Related url="res/Slide/0/master08_stylesheet.css" size="8954"/><Related url="res/Slide/0/script.js" size="30101"/><Related url="res/Slide/0/slide0207_image082.png" size="24663"/><Related url="res/Slide/0/slide0207_image083.gif" size="7747"/></Page><Page id="P45" pageType="Ppt" format="Slides" url="res/Slide/0/Slide0208.htm" width="704" height="528" size="10508"><Related url="res/Slide/0/master08.xml" size="9081"/><Related url="res/Slide/0/master08_image001.jpg" size="37970"/><Related url="res/Slide/0/master08_image001.jpg" size="37970"/><Related url="res/Slide/0/master08_stylesheet.css" size="8954"/><Related url="res/Slide/0/script.js" size="30101"/><Related url="res/Slide/0/slide0208_image084.png" size="2365"/><Related url="res/Slide/0/slide0208_image085.gif" size="4153"/></Page><Page id="P46" pageType="Ppt" format="Slides" url="res/Slide/0/Slide0212.htm" width="704" height="528" size="8076"><Related url="res/Slide/0/master08.xml" size="9081"/><Related url="res/Slide/0/master08_image001.jpg" size="37970"/><Related url="res/Slide/0/master08_image001.jpg" size="37970"/><Related url="res/Slide/0/master08_stylesheet.css" size="8954"/><Related url="res/Slide/0/script.js" size="30101"/></Page><Page id="P47" pageType="Ppt" format="Slides" url="res/Slide/0/Slide0213.htm" width="704" height="528" size="8278"><Related url="res/Slide/0/master08.xml" size="9081"/><Related url="res/Slide/0/master08_image001.jpg" size="37970"/><Related url="res/Slide/0/master08_image001.jpg" size="37970"/><Related url="res/Slide/0/master08_stylesheet.css" size="8954"/><Related url="res/Slide/0/script.js" size="30101"/></Page><Page id="P48" pageType="Ppt" format="Slides" url="res/Slide/0/Slide0214.htm" width="704" height="528" size="6462"><Related url="res/Slide/0/master08.xml" size="9081"/><Related url="res/Slide/0/master08_image001.jpg" size="37970"/><Related url="res/Slide/0/master08_image001.jpg" size="37970"/><Related url="res/Slide/0/master08_stylesheet.css" size="8954"/><Related url="res/Slide/0/script.js" size="30101"/></Page><Page id="P49" pageType="Ppt" format="Slides" url="res/Slide/0/Slide0215.htm" width="704" height="528" size="6297"><Related url="res/Slide/0/master08.xml" size="9081"/><Related url="res/Slide/0/master08_image001.jpg" size="37970"/><Related url="res/Slide/0/master08_image001.jpg" size="37970"/><Related url="res/Slide/0/master08_stylesheet.css" size="8954"/><Related url="res/Slide/0/script.js" size="30101"/></Page><Page id="P50" pageType="Ppt" format="Slides" url="res/Slide/0/Slide0169.htm" width="704" height="528" size="5533"><Related url="res/Slide/0/master08.xml" size="9081"/><Related url="res/Slide/0/master08_image001.jpg" size="37970"/><Related url="res/Slide/0/master08_image001.jpg" size="37970"/><Related url="res/Slide/0/master08_stylesheet.css" size="8954"/><Related url="res/Slide/0/script.js" size="30101"/><Related url="res/Slide/0/slide0169_image086.gif" size="770"/><Related url="res/Slide/0/slide0169_image087.jpg" size="44144"/></Page></Resource></AddRes></ResChangeList><PageChangeList><Audio><PgCMessage time="0.860" page="P0"/><PgCMessage time="2076.650"/></Audio><QCIFVideo/><PanoVideo/><Content><PgCMessage time="0.700" page="P1"/><PgCMessage time="13.620" page="P2"/><PgCMessage time="28.120" page="P3"/><PgCMessage time="41.410" page="P4"/><PgCMessage time="60.800" page="P5"/><PgCMessage time="105.410" page="P6"/><PgCMessage time="156.290" page="P7"/><PgCMessage time="200.310" page="P8"/><PgCMessage time="255.310" page="P9"/><PgCMessage time="354.620" page="P10"/><PgCMessage time="407.630" page="P11"/><PgCMessage time="458.200" page="P12"/><PgCMessage time="495.300" page="P13"/><PgCMessage time="524.860" page="P14"/><PgCMessage time="543.490" page="P15"/><PgCMessage time="605.830" page="P16"/><PgCMessage time="629.470" page="P17"/><PgCMessage time="646.920" page="P18"/><PgCMessage time="685.950" page="P19"/><PgCMessage time="709.920" page="P20"/><PgCMessage time="818.670" page="P21"/><PgCMessage time="854.930" page="P22"/><PgCMessage time="929.650" page="P23"/><PgCMessage time="985.320" page="P24"/><PgCMessage time="1023.600" page="P25"/><PgCMessage time="1074.130" page="P26"/><PgCMessage time="1157.900" page="P27"/><PgCMessage time="1218.840" page="P28"/><PgCMessage time="1315.350" page="P29"/><PgCMessage time="1378.760" page="P30"/><PgCMessage time="1422.360" page="P31"/><PgCMessage time="1443.480" page="P32"/><PgCMessage time="1455.640" page="P33"/><PgCMessage time="1481.100" page="P34"/><PgCMessage time="1523.330" page="P35"/><PgCMessage time="1575.860" page="P36"/><PgCMessage time="1614.140" page="P37"/><PgCMessage time="1642.750" page="P38"/><PgCMessage time="1682.810" page="P39"/><PgCMessage time="1710.860" page="P40"/><PgCMessage time="1735.340" page="P41"/><PgCMessage time="1773.390" page="P42"/><PgCMessage time="1789.330" page="P43"/><PgCMessage time="1888.720" page="P44"/><PgCMessage time="1932.070" page="P45"/><PgCMessage time="1984.640" page="P46"/><PgCMessage time="1994.490" page="P47"/><PgCMessage time="2018.160" page="P48"/><PgCMessage time="2044.130" page="P49"/><PgCMessage time="2061.620" page="P50"/></Content><QA/></PageChangeList><InnerPageMessageList><AnimationChanged time="0.700" page="P1" currentStep="0"/><AnimationChanged time="13.620" page="P2" currentStep="0"/><AnnotationChanged time="28.100" page="P2" action="Clear"/><AnimationChanged time="28.120" page="P3" currentStep="0"/><AnimationChanged time="41.410" page="P4" currentStep="0"/><AnimationChanged time="60.800" page="P5" currentStep="0"/><AnnotationChanged time="79.200" page="P5" action="Draw" elementId="pointer" type="Pointer" keyPoints="498.000,365.000" color="000000"/><AnnotationChanged time="80.040" page="P5" action="Delete" elementId="pointer"/><AnnotationChanged time="80.530" page="P5" action="Draw" elementId="pointer" type="Pointer" keyPoints="511.000,374.000" color="000000"/><AnnotationChanged time="81.140" page="P5" action="Delete" elementId="pointer"/><AnnotationChanged time="86.110" page="P5" action="Draw" elementId="pointer" type="Pointer" keyPoints="510.000,195.000" color="000000"/><AnnotationChanged time="89.750" page="P5" action="Delete" elementId="pointer"/><AnnotationChanged time="90.230" page="P5" action="Draw" elementId="pointer" type="Pointer" keyPoints="506.000,207.000" color="000000"/><AnnotationChanged time="90.430" page="P5" action="Delete" elementId="pointer"/><AnnotationChanged time="90.570" page="P5" action="Draw" elementId="pointer" type="Pointer" keyPoints="506.000,207.000" color="000000"/><AnnotationChanged time="90.700" page="P5" action="Delete" elementId="pointer"/><AnnotationChanged time="98.310" page="P5" action="Draw" elementId="pointer" type="Pointer" keyPoints="254.000,195.000" color="000000"/><AnnotationChanged time="98.850" page="P5" action="Delete" elementId="pointer"/><AnnotationChanged time="100.070" page="P5" action="Draw" elementId="pointer" type="Pointer" keyPoints="261.000,218.000" color="000000"/><AnnotationChanged time="100.530" page="P5" action="Delete" elementId="pointer"/><AnnotationChanged time="101.480" page="P5" action="Draw" elementId="pointer" type="Pointer" keyPoints="218.000,231.000" color="000000"/><AnnotationChanged time="102.910" page="P5" action="Delete" elementId="pointer"/><AnimationChanged time="105.410" page="P6" currentStep="0"/><AnnotationChanged time="134.420" page="P6" action="Draw" elementId="pointer" type="Pointer" keyPoints="416.000,408.000" color="000000"/><AnnotationChanged time="135.140" page="P6" action="Delete" elementId="pointer"/><AnnotationChanged time="135.770" page="P6" action="Draw" elementId="pointer" type="Pointer" keyPoints="408.000,434.000" color="000000"/><AnnotationChanged time="136.170" page="P6" action="Delete" elementId="pointer"/><AnnotationChanged time="136.630" page="P6" action="Draw" elementId="pointer" type="Pointer" keyPoints="402.000,459.000" color="000000"/><AnnotationChanged time="136.810" page="P6" action="Delete" elementId="pointer"/><AnnotationChanged time="137.710" page="P6" action="Draw" elementId="pointer" type="Pointer" keyPoints="430.000,480.000" color="000000"/><AnnotationChanged time="138.300" page="P6" action="Delete" elementId="pointer"/><AnnotationChanged time="143.530" page="P6" action="Draw" elementId="pointer" type="Pointer" keyPoints="357.000,388.000" color="000000"/><AnnotationChanged time="143.910" page="P6" action="Delete" elementId="pointer"/><AnnotationChanged time="144.070" page="P6" action="Draw" elementId="pointer" type="Pointer" keyPoints="357.000,388.000" color="000000"/><AnnotationChanged time="144.220" page="P6" action="Delete" elementId="pointer"/><AnnotationChanged time="147.190" page="P6" action="Draw" elementId="pointer" type="Pointer" keyPoints="359.000,386.000" color="000000"/><AnnotationChanged time="147.970" page="P6" action="Delete" elementId="pointer"/><AnnotationChanged time="148.930" page="P6" action="Draw" elementId="pointer" type="Pointer" keyPoints="403.000,408.000" color="000000"/><AnnotationChanged time="149.290" page="P6" action="Delete" elementId="pointer"/><AnnotationChanged time="152.440" page="P6" action="Draw" elementId="pointer" type="Pointer" keyPoints="361.000,387.000" color="000000"/><AnnotationChanged time="153.870" page="P6" action="Delete" elementId="pointer"/><AnimationChanged time="156.290" page="P7" currentStep="0"/><AnnotationChanged time="184.430" page="P7" action="Draw" elementId="pointer" type="Pointer" keyPoints="370.000,332.000" color="000000"/><AnnotationChanged time="185.230" page="P7" action="Delete" elementId="pointer"/><AnnotationChanged time="188.640" page="P7" action="Draw" elementId="pointer" type="Pointer" keyPoints="131.000,386.000" color="000000"/><AnnotationChanged time="190.170" page="P7" action="Delete" elementId="pointer"/><AnimationChanged time="200.310" page="P8" currentStep="0"/><AnnotationChanged time="224.190" page="P8" action="Draw" elementId="pointer" type="Pointer" keyPoints="271.000,307.000" color="000000"/><AnnotationChanged time="227.550" page="P8" action="Delete" elementId="pointer"/><AnnotationChanged time="230.280" page="P8" action="Draw" elementId="pointer" type="Pointer" keyPoints="400.000,239.000" color="000000"/><AnnotationChanged time="233.420" page="P8" action="Delete" elementId="pointer"/><AnnotationChanged time="236.120" page="P8" action="Draw" elementId="pointer" type="Pointer" keyPoints="145.000,275.000" color="000000"/><AnnotationChanged time="236.620" page="P8" action="Delete" elementId="pointer"/><AnnotationChanged time="238.930" page="P8" action="Draw" elementId="pointer" type="Pointer" keyPoints="169.000,275.000" color="000000"/><AnnotationChanged time="239.460" page="P8" action="Delete" elementId="pointer"/><AnnotationChanged time="240.410" page="P8" action="Draw" elementId="pointer" type="Pointer" keyPoints="104.000,316.000" color="000000"/><AnnotationChanged time="243.280" page="P8" action="Move" elementId="pointer" dx="0.000" dy="1.000"/><AnnotationChanged time="243.450" page="P8" action="Move" elementId="pointer" dx="0.000" dy="3.000"/><AnnotationChanged time="244.180" page="P8" action="Delete" elementId="pointer"/><AnnotationChanged time="249.800" page="P8" action="Draw" elementId="pointer" type="Pointer" keyPoints="90.000,233.000" color="000000"/><AnnotationChanged time="250.600" page="P8" action="Delete" elementId="pointer"/><AnnotationChanged time="251.970" page="P8" action="Draw" elementId="pointer" type="Pointer" keyPoints="101.000,316.000" color="000000"/><AnnotationChanged time="252.680" page="P8" action="Delete" elementId="pointer"/><AnimationChanged time="255.310" page="P9" currentStep="0"/><AnnotationChanged time="260.220" page="P9" action="Draw" elementId="pointer" type="Pointer" keyPoints="124.000,138.000" color="000000"/><AnnotationChanged time="265.530" page="P9" action="Delete" elementId="pointer"/><AnnotationChanged time="267.460" page="P9" action="Draw" elementId="pointer" type="Pointer" keyPoints="198.000,151.000" color="000000"/><AnnotationChanged time="271.060" page="P9" action="Delete" elementId="pointer"/><AnnotationChanged time="271.990" page="P9" action="Draw" elementId="pointer" type="Pointer" keyPoints="174.000,180.000" color="000000"/><AnnotationChanged time="278.600" page="P9" action="Delete" elementId="pointer"/><AnnotationChanged time="279.420" page="P9" action="Draw" elementId="pointer" type="Pointer" keyPoints="256.000,185.000" color="000000"/><AnnotationChanged time="280.320" page="P9" action="Delete" elementId="pointer"/><AnnotationChanged time="281.400" page="P9" action="Draw" elementId="pointer" type="Pointer" keyPoints="302.000,179.000" color="000000"/><AnnotationChanged time="282.310" page="P9" action="Delete" elementId="pointer"/><AnnotationChanged time="283.030" page="P9" action="Draw" elementId="pointer" type="Pointer" keyPoints="377.000,178.000" color="000000"/><AnnotationChanged time="284.180" page="P9" action="Move" elementId="pointer" dx="0.000" dy="1.000"/><AnnotationChanged time="284.330" page="P9" action="Move" elementId="pointer" dx="0.000" dy="1.000"/><AnnotationChanged time="284.440" page="P9" action="Move" elementId="pointer" dx="0.000" dy="2.000"/><AnnotationChanged time="284.550" page="P9" action="Move" elementId="pointer" dx="-1.000" dy="2.000"/><AnnotationChanged time="284.610" page="P9" action="Move" elementId="pointer" dx="0.000" dy="3.000"/><AnnotationChanged time="284.790" page="P9" action="Move" elementId="pointer" dx="0.000" dy="2.000"/><AnnotationChanged time="287.380" page="P9" action="Delete" elementId="pointer"/><AnnotationChanged time="293.490" page="P9" action="Draw" elementId="pointer" type="Pointer" keyPoints="108.000,222.000" color="000000"/><AnnotationChanged time="294.420" page="P9" action="Delete" elementId="pointer"/><AnnotationChanged time="295.690" page="P9" action="Draw" elementId="pointer" type="Pointer" keyPoints="306.000,273.000" color="000000"/><AnnotationChanged time="297.610" page="P9" action="Delete" elementId="pointer"/><AnnotationChanged time="298.810" page="P9" action="Draw" elementId="pointer" type="Pointer" keyPoints="227.000,266.000" color="000000"/><AnnotationChanged time="301.560" page="P9" action="Delete" elementId="pointer"/><AnnotationChanged time="302.970" page="P9" action="Draw" elementId="pointer" type="Pointer" keyPoints="376.000,275.000" color="000000"/><AnnotationChanged time="310.150" page="P9" action="Delete" elementId="pointer"/><AnnotationChanged time="311.390" page="P9" action="Draw" elementId="pointer" type="Pointer" keyPoints="234.000,310.000" color="000000"/><AnnotationChanged time="312.480" page="P9" action="Delete" elementId="pointer"/><AnnotationChanged time="313.580" page="P9" action="Draw" elementId="pointer" type="Pointer" keyPoints="322.000,308.000" color="000000"/><AnnotationChanged time="315.720" page="P9" action="Delete" elementId="pointer"/><AnnotationChanged time="317.170" page="P9" action="Draw" elementId="pointer" type="Pointer" keyPoints="448.000,310.000" color="000000"/><AnnotationChanged time="319.660" page="P9" action="Delete" elementId="pointer"/><AnnotationChanged time="321.070" page="P9" action="Draw" elementId="pointer" type="Pointer" keyPoints="545.000,309.000" color="000000"/><AnnotationChanged time="321.720" page="P9" action="Delete" elementId="pointer"/><AnnotationChanged time="324.630" page="P9" action="Draw" elementId="pointer" type="Pointer" keyPoints="107.000,312.000" color="000000"/><AnnotationChanged time="336.430" page="P9" action="Delete" elementId="pointer"/><AnnotationChanged time="340.520" page="P9" action="Draw" elementId="pointer" type="Pointer" keyPoints="302.000,436.000" color="000000"/><AnnotationChanged time="341.340" page="P9" action="Delete" elementId="pointer"/><AnnotationChanged time="343.070" page="P9" action="Draw" elementId="pointer" type="Pointer" keyPoints="406.000,457.000" color="000000"/><AnnotationChanged time="346.230" page="P9" action="Delete" elementId="pointer"/><AnnotationChanged time="347.830" page="P9" action="Draw" elementId="pointer" type="Pointer" keyPoints="578.000,454.000" color="000000"/><AnnotationChanged time="348.870" page="P9" action="Delete" elementId="pointer"/><AnnotationChanged time="351.350" page="P9" action="Draw" elementId="pointer" type="Pointer" keyPoints="288.000,273.000" color="000000"/><AnnotationChanged time="352.150" page="P9" action="Delete" elementId="pointer"/><AnimationChanged time="354.620" page="P10" currentStep="0"/><AnnotationChanged time="362.850" page="P10" action="Draw" elementId="pointer" type="Pointer" keyPoints="359.000,158.000" color="000000"/><AnnotationChanged time="363.950" page="P10" action="Delete" elementId="pointer"/><AnnotationChanged time="372.830" page="P10" action="Draw" elementId="pointer" type="Pointer" keyPoints="298.000,201.000" color="000000"/><AnnotationChanged time="376.840" page="P10" action="Delete" elementId="pointer"/><AnnotationChanged time="378.190" page="P10" action="Draw" elementId="pointer" type="Pointer" keyPoints="109.000,240.000" color="000000"/><AnnotationChanged time="380.480" page="P10" action="Delete" elementId="pointer"/><AnnotationChanged time="384.970" page="P10" action="Draw" elementId="pointer" type="Pointer" keyPoints="89.000,350.000" color="000000"/><AnnotationChanged time="387.070" page="P10" action="Delete" elementId="pointer"/><AnnotationChanged time="387.570" page="P10" action="Draw" elementId="pointer" type="Pointer" keyPoints="138.000,407.000" color="000000"/><AnnotationChanged time="389.170" page="P10" action="Delete" elementId="pointer"/><AnnotationChanged time="390.670" page="P10" action="Draw" elementId="pointer" type="Pointer" keyPoints="292.000,347.000" color="000000"/><AnnotationChanged time="391.780" page="P10" action="Delete" elementId="pointer"/><AnnotationChanged time="392.820" page="P10" action="Draw" elementId="pointer" type="Pointer" keyPoints="494.000,348.000" color="000000"/><AnnotationChanged time="394.580" page="P10" action="Delete" elementId="pointer"/><AnnotationChanged time="396.240" page="P10" action="Draw" elementId="pointer" type="Pointer" keyPoints="96.000,366.000" color="000000"/><AnnotationChanged time="397.140" page="P10" action="Delete" elementId="pointer"/><AnnotationChanged time="398.120" page="P10" action="Draw" elementId="pointer" type="Pointer" keyPoints="247.000,431.000" color="000000"/><AnnotationChanged time="400.420" page="P10" action="Delete" elementId="pointer"/><AnimationChanged time="407.630" page="P11" currentStep="0"/><AnnotationChanged time="432.120" page="P11" action="Draw" elementId="pointer" type="Pointer" keyPoints="521.000,253.000" color="000000"/><AnnotationChanged time="433.270" page="P11" action="Delete" elementId="pointer"/><AnnotationChanged time="444.250" page="P11" action="Draw" elementId="pointer" type="Pointer" keyPoints="197.000,376.000" color="000000"/><AnnotationChanged time="446.170" page="P11" action="Delete" elementId="pointer"/><AnnotationChanged time="447.750" page="P11" action="Draw" elementId="pointer" type="Pointer" keyPoints="333.000,371.000" color="000000"/><AnnotationChanged time="449.940" page="P11" action="Delete" elementId="pointer"/><AnnotationChanged time="454.350" page="P11" action="Draw" elementId="pointer" type="Pointer" keyPoints="335.000,371.000" color="000000"/><AnnotationChanged time="455.740" page="P11" action="Delete" elementId="pointer"/><AnimationChanged time="458.200" page="P12" currentStep="0"/><AnnotationChanged time="473.580" page="P12" action="Draw" elementId="pointer" type="Pointer" keyPoints="437.000,87.000" color="000000"/><AnnotationChanged time="474.370" page="P12" action="Delete" elementId="pointer"/><AnnotationChanged time="475.560" page="P12" action="Draw" elementId="pointer" type="Pointer" keyPoints="543.000,87.000" color="000000"/><AnnotationChanged time="476.270" page="P12" action="Delete" elementId="pointer"/><AnnotationChanged time="485.480" page="P12" action="Draw" elementId="pointer" type="Pointer" keyPoints="206.000,336.000" color="000000"/><AnnotationChanged time="487.130" page="P12" action="Delete" elementId="pointer"/><AnnotationChanged time="488.000" page="P12" action="Draw" elementId="pointer" type="Pointer" keyPoints="199.000,403.000" color="000000"/><AnnotationChanged time="489.840" page="P12" action="Delete" elementId="pointer"/><AnimationChanged time="495.300" page="P13" currentStep="0"/><AnimationChanged time="524.860" page="P14" currentStep="0"/><AnimationChanged time="543.490" page="P15" currentStep="1"/><AnnotationChanged time="581.080" page="P15" action="Draw" elementId="pointer" type="Pointer" keyPoints="314.000,436.000" color="000000"/><AnnotationChanged time="582.870" page="P15" action="Delete" elementId="pointer"/><AnnotationChanged time="583.710" page="P15" action="Draw" elementId="pointer" type="Pointer" keyPoints="245.000,459.000" color="000000"/><AnnotationChanged time="584.840" page="P15" action="Delete" elementId="pointer"/><AnnotationChanged time="586.100" page="P15" action="Draw" elementId="pointer" type="Pointer" keyPoints="314.000,429.000" color="000000"/><AnnotationChanged time="586.920" page="P15" action="Delete" elementId="pointer"/><AnnotationChanged time="591.320" page="P15" action="Draw" elementId="pointer" type="Pointer" keyPoints="341.000,484.000" color="000000"/><AnnotationChanged time="598.270" page="P15" action="Delete" elementId="pointer"/><AnnotationChanged time="599.770" page="P15" action="Draw" elementId="pointer" type="Pointer" keyPoints="316.000,426.000" color="000000"/><AnnotationChanged time="601.210" page="P15" action="Delete" elementId="pointer"/><AnimationChanged time="605.830" page="P16" currentStep="0"/><AnnotationChanged time="612.900" page="P16" action="Draw" elementId="pointer" type="Pointer" keyPoints="188.000,218.000" color="000000"/><AnnotationChanged time="614.270" page="P16" action="Delete" elementId="pointer"/><AnnotationChanged time="615.530" page="P16" action="Draw" elementId="pointer" type="Pointer" keyPoints="228.000,253.000" color="000000"/><AnnotationChanged time="616.220" page="P16" action="Delete" elementId="pointer"/><AnnotationChanged time="621.650" page="P16" action="Draw" elementId="pointer" type="Pointer" keyPoints="251.000,408.000" color="000000"/><AnnotationChanged time="622.640" page="P16" action="Delete" elementId="pointer"/><AnnotationChanged time="626.360" page="P16" action="Draw" elementId="pointer" type="Pointer" keyPoints="334.000,412.000" color="000000"/><AnnotationChanged time="627.690" page="P16" action="Delete" elementId="pointer"/><AnimationChanged time="629.470" page="P17" currentStep="0"/><AnimationChanged time="646.920" page="P18" currentStep="0"/><AnimationChanged time="685.950" page="P19" currentStep="0"/><AnnotationChanged time="693.200" page="P19" action="Draw" elementId="pointer" type="Pointer" keyPoints="322.000,206.000" color="000000"/><AnnotationChanged time="693.710" page="P19" action="Delete" elementId="pointer"/><AnnotationChanged time="697.080" page="P19" action="Draw" elementId="pointer" type="Pointer" keyPoints="411.000,271.000" color="000000"/><AnnotationChanged time="699.170" page="P19" action="Delete" elementId="pointer"/><AnnotationChanged time="700.660" page="P19" action="Draw" elementId="pointer" type="Pointer" keyPoints="296.000,341.000" color="000000"/><AnnotationChanged time="701.600" page="P19" action="Delete" elementId="pointer"/><AnnotationChanged time="702.810" page="P19" action="Draw" elementId="pointer" type="Pointer" keyPoints="338.000,414.000" color="000000"/><AnnotationChanged time="705.680" page="P19" action="Delete" elementId="pointer"/><AnimationChanged time="709.920" page="P20" currentStep="0"/><AnnotationChanged time="714.300" page="P20" action="Draw" elementId="pointer" type="Pointer" keyPoints="202.000,122.000" color="000000"/><AnnotationChanged time="715.640" page="P20" action="Delete" elementId="pointer"/><AnnotationChanged time="716.730" page="P20" action="Draw" elementId="pointer" type="Pointer" keyPoints="325.000,139.000" color="000000"/><AnnotationChanged time="718.510" page="P20" action="Delete" elementId="pointer"/><AnnotationChanged time="719.450" page="P20" action="Draw" elementId="pointer" type="Pointer" keyPoints="176.000,147.000" color="000000"/><AnnotationChanged time="720.300" page="P20" action="Delete" elementId="pointer"/><AnnotationChanged time="723.320" page="P20" action="Draw" elementId="pointer" type="Pointer" keyPoints="250.000,173.000" color="000000"/><AnnotationChanged time="723.980" page="P20" action="Delete" elementId="pointer"/><AnnotationChanged time="724.940" page="P20" action="Draw" elementId="pointer" type="Pointer" keyPoints="127.000,167.000" color="000000"/><AnnotationChanged time="728.430" page="P20" action="Delete" elementId="pointer"/><AnnotationChanged time="731.460" page="P20" action="Draw" elementId="pointer" type="Pointer" keyPoints="277.000,199.000" color="000000"/><AnnotationChanged time="732.130" page="P20" action="Delete" elementId="pointer"/><AnnotationChanged time="734.140" page="P20" action="Draw" elementId="pointer" type="Pointer" keyPoints="159.000,199.000" color="000000"/><AnnotationChanged time="735.470" page="P20" action="Delete" elementId="pointer"/><AnnotationChanged time="736.010" page="P20" action="Draw" elementId="pointer" type="Pointer" keyPoints="222.000,204.000" color="000000"/><AnnotationChanged time="737.170" page="P20" action="Delete" elementId="pointer"/><AnnotationChanged time="738.980" page="P20" action="Draw" elementId="pointer" type="Pointer" keyPoints="379.000,179.000" color="000000"/><AnnotationChanged time="743.380" page="P20" action="Delete" elementId="pointer"/><AnnotationChanged time="749.990" page="P20" action="Draw" elementId="pointer" type="Pointer" keyPoints="369.000,257.000" color="000000"/><AnnotationChanged time="757.790" page="P20" action="Delete" elementId="pointer"/><AnnotationChanged time="758.860" page="P20" action="Draw" elementId="pointer" type="Pointer" keyPoints="281.000,252.000" color="000000"/><AnnotationChanged time="759.680" page="P20" action="Delete" elementId="pointer"/><AnnotationChanged time="765.930" page="P20" action="Draw" elementId="pointer" type="Pointer" keyPoints="233.000,263.000" color="000000"/><AnnotationChanged time="767.390" page="P20" action="Delete" elementId="pointer"/><AnnotationChanged time="771.020" page="P20" action="Draw" elementId="pointer" type="Pointer" keyPoints="199.000,322.000" color="000000"/><AnnotationChanged time="773.440" page="P20" action="Delete" elementId="pointer"/><AnnotationChanged time="774.840" page="P20" action="Draw" elementId="pointer" type="Pointer" keyPoints="483.000,324.000" color="000000"/><AnnotationChanged time="780.700" page="P20" action="Delete" elementId="pointer"/><AnnotationChanged time="783.480" page="P20" action="Draw" elementId="pointer" type="Pointer" keyPoints="356.000,369.000" color="000000"/><AnnotationChanged time="785.110" page="P20" action="Delete" elementId="pointer"/><AnnotationChanged time="787.580" page="P20" action="Draw" elementId="pointer" type="Pointer" keyPoints="270.000,292.000" color="000000"/><AnnotationChanged time="788.440" page="P20" action="Delete" elementId="pointer"/><AnnotationChanged time="790.270" page="P20" action="Draw" elementId="pointer" type="Pointer" keyPoints="249.000,356.000" color="000000"/><AnnotationChanged time="791.260" page="P20" action="Delete" elementId="pointer"/><AnnotationChanged time="795.210" page="P20" action="Draw" elementId="pointer" type="Pointer" keyPoints="288.000,416.000" color="000000"/><AnnotationChanged time="795.740" page="P20" action="Delete" elementId="pointer"/><AnnotationChanged time="796.640" page="P20" action="Draw" elementId="pointer" type="Pointer" keyPoints="478.000,419.000" color="000000"/><AnnotationChanged time="798.290" page="P20" action="Delete" elementId="pointer"/><AnnotationChanged time="800.000" page="P20" action="Draw" elementId="pointer" type="Pointer" keyPoints="115.000,416.000" color="000000"/><AnnotationChanged time="801.620" page="P20" action="Delete" elementId="pointer"/><AnnotationChanged time="805.560" page="P20" action="Draw" elementId="pointer" type="Pointer" keyPoints="316.000,448.000" color="000000"/><AnnotationChanged time="806.230" page="P20" action="Delete" elementId="pointer"/><AnnotationChanged time="807.700" page="P20" action="Draw" elementId="pointer" type="Pointer" keyPoints="128.000,460.000" color="000000"/><AnnotationChanged time="807.950" page="P20" action="Delete" elementId="pointer"/><AnnotationChanged time="808.400" page="P20" action="Draw" elementId="pointer" type="Pointer" keyPoints="169.000,455.000" color="000000"/><AnnotationChanged time="809.420" page="P20" action="Move" elementId="pointer" dx="1.000" dy="2.000"/><AnnotationChanged time="809.480" page="P20" action="Move" elementId="pointer" dx="-3.000" dy="6.000"/><AnnotationChanged time="809.550" page="P20" action="Move" elementId="pointer" dx="0.000" dy="1.000"/><AnnotationChanged time="809.600" page="P20" action="Move" elementId="pointer" dx="3.000" dy="0.000"/><AnnotationChanged time="809.660" page="P20" action="Move" elementId="pointer" dx="1.000" dy="-2.000"/><AnnotationChanged time="809.850" page="P20" action="Move" elementId="pointer" dx="2.000" dy="0.000"/><AnnotationChanged time="810.320" page="P20" action="Delete" elementId="pointer"/><AnnotationChanged time="811.290" page="P20" action="Draw" elementId="pointer" type="Pointer" keyPoints="120.000,457.000" color="000000"/><AnnotationChanged time="815.130" page="P20" action="Delete" elementId="pointer"/><AnimationChanged time="818.670" page="P21" currentStep="0"/><AnnotationChanged time="826.080" page="P21" action="Draw" elementId="pointer" type="Pointer" keyPoints="169.000,208.000" color="000000"/><AnnotationChanged time="826.660" page="P21" action="Delete" elementId="pointer"/><AnnotationChanged time="827.080" page="P21" action="Draw" elementId="pointer" type="Pointer" keyPoints="138.000,214.000" color="000000"/><AnnotationChanged time="827.960" page="P21" action="Delete" elementId="pointer"/><AnnotationChanged time="829.870" page="P21" action="Draw" elementId="pointer" type="Pointer" keyPoints="265.000,219.000" color="000000"/><AnnotationChanged time="831.560" page="P21" action="Delete" elementId="pointer"/><AnnotationChanged time="832.110" page="P21" action="Draw" elementId="pointer" type="Pointer" keyPoints="365.000,222.000" color="000000"/><AnnotationChanged time="833.360" page="P21" action="Delete" elementId="pointer"/><AnnotationChanged time="844.370" page="P21" action="Draw" elementId="pointer" type="Pointer" keyPoints="161.000,325.000" color="000000"/><AnnotationChanged time="846.190" page="P21" action="Delete" elementId="pointer"/><AnnotationChanged time="847.920" page="P21" action="Draw" elementId="pointer" type="Pointer" keyPoints="218.000,328.000" color="000000"/><AnnotationChanged time="848.440" page="P21" action="Delete" elementId="pointer"/><AnnotationChanged time="849.060" page="P21" action="Draw" elementId="pointer" type="Pointer" keyPoints="313.000,335.000" color="000000"/><AnnotationChanged time="849.560" page="P21" action="Move" elementId="pointer" dx="3.000" dy="0.000"/><AnnotationChanged time="849.660" page="P21" action="Move" elementId="pointer" dx="46.000" dy="-2.000"/><AnnotationChanged time="849.780" page="P21" action="Move" elementId="pointer" dx="9.000" dy="0.000"/><AnnotationChanged time="850.220" page="P21" action="Delete" elementId="pointer"/><AnimationChanged time="854.930" page="P22" currentStep="0"/><AnnotationChanged time="860.520" page="P22" action="Draw" elementId="pointer" type="Pointer" keyPoints="222.000,155.000" color="000000"/><AnnotationChanged time="862.270" page="P22" action="Delete" elementId="pointer"/><AnnotationChanged time="872.220" page="P22" action="Draw" elementId="pointer" type="Pointer" keyPoints="175.000,253.000" color="000000"/><AnnotationChanged time="873.330" page="P22" action="Delete" elementId="pointer"/><AnnotationChanged time="906.010" page="P22" action="Draw" elementId="pointer" type="Pointer" keyPoints="161.000,388.000" color="000000"/><AnnotationChanged time="906.360" page="P22" action="Delete" elementId="pointer"/><AnnotationChanged time="909.080" page="P22" action="Draw" elementId="pointer" type="Pointer" keyPoints="523.000,390.000" color="000000"/><AnnotationChanged time="910.180" page="P22" action="Delete" elementId="pointer"/><AnnotationChanged time="915.360" page="P22" action="Draw" elementId="pointer" type="Pointer" keyPoints="480.000,416.000" color="000000"/><AnnotationChanged time="919.590" page="P22" action="Delete" elementId="pointer"/><AnnotationChanged time="922.160" page="P22" action="Draw" elementId="pointer" type="Pointer" keyPoints="396.000,443.000" color="000000"/><AnnotationChanged time="923.490" page="P22" action="Delete" elementId="pointer"/><AnimationChanged time="929.650" page="P23" currentStep="0"/><AnnotationChanged time="938.710" page="P23" action="Draw" elementId="pointer" type="Pointer" keyPoints="267.000,230.000" color="000000"/><AnnotationChanged time="940.150" page="P23" action="Delete" elementId="pointer"/><AnnotationChanged time="946.690" page="P23" action="Draw" elementId="pointer" type="Pointer" keyPoints="382.000,294.000" color="000000"/><AnnotationChanged time="948.950" page="P23" action="Delete" elementId="pointer"/><AnnotationChanged time="951.980" page="P23" action="Draw" elementId="pointer" type="Pointer" keyPoints="326.000,316.000" color="000000"/><AnnotationChanged time="952.720" page="P23" action="Delete" elementId="pointer"/><AnnotationChanged time="955.190" page="P23" action="Draw" elementId="pointer" type="Pointer" keyPoints="172.000,341.000" color="000000"/><AnnotationChanged time="955.470" page="P23" action="Delete" elementId="pointer"/><AnnotationChanged time="956.210" page="P23" action="Draw" elementId="pointer" type="Pointer" keyPoints="214.000,344.000" color="000000"/><AnnotationChanged time="957.130" page="P23" action="Delete" elementId="pointer"/><AnnotationChanged time="958.230" page="P23" action="Draw" elementId="pointer" type="Pointer" keyPoints="294.000,349.000" color="000000"/><AnnotationChanged time="962.340" page="P23" action="Delete" elementId="pointer"/><AnnotationChanged time="964.140" page="P23" action="Draw" elementId="pointer" type="Pointer" keyPoints="275.000,360.000" color="000000"/><AnnotationChanged time="964.840" page="P23" action="Delete" elementId="pointer"/><AnnotationChanged time="966.330" page="P23" action="Draw" elementId="pointer" type="Pointer" keyPoints="478.000,373.000" color="000000"/><AnnotationChanged time="968.140" page="P23" action="Delete" elementId="pointer"/><AnnotationChanged time="970.820" page="P23" action="Draw" elementId="pointer" type="Pointer" keyPoints="207.000,414.000" color="000000"/><AnnotationChanged time="971.280" page="P23" action="Delete" elementId="pointer"/><AnnotationChanged time="972.380" page="P23" action="Draw" elementId="pointer" type="Pointer" keyPoints="408.000,405.000" color="000000"/><AnnotationChanged time="972.880" page="P23" action="Delete" elementId="pointer"/><AnnotationChanged time="977.230" page="P23" action="Draw" elementId="pointer" type="Pointer" keyPoints="124.000,443.000" color="000000"/><AnnotationChanged time="977.770" page="P23" action="Delete" elementId="pointer"/><AnnotationChanged time="978.610" page="P23" action="Draw" elementId="pointer" type="Pointer" keyPoints="240.000,444.000" color="000000"/><AnnotationChanged time="981.410" page="P23" action="Delete" elementId="pointer"/><AnimationChanged time="985.320" page="P24" currentStep="0"/><AnimationChanged time="1023.600" page="P25" currentStep="0"/><AnimationChanged time="1074.130" page="P26" currentStep="0"/><AnnotationChanged time="1128.390" page="P26" action="Draw" elementId="pointer" type="Pointer" keyPoints="473.000,217.000" color="000000"/><AnnotationChanged time="1129.110" page="P26" action="Delete" elementId="pointer"/><AnnotationChanged time="1131.230" page="P26" action="Draw" elementId="pointer" type="Pointer" keyPoints="591.000,347.000" color="000000"/><AnnotationChanged time="1134.680" page="P26" action="Delete" elementId="pointer"/><AnnotationChanged time="1143.900" page="P26" action="Draw" elementId="pointer" type="Pointer" keyPoints="582.000,305.000" color="000000"/><AnnotationChanged time="1144.360" page="P26" action="Delete" elementId="pointer"/><AnnotationChanged time="1145.000" page="P26" action="Draw" elementId="pointer" type="Pointer" keyPoints="584.000,319.000" color="000000"/><AnnotationChanged time="1145.820" page="P26" action="Delete" elementId="pointer"/><AnnotationChanged time="1147.860" page="P26" action="Draw" elementId="pointer" type="Pointer" keyPoints="606.000,335.000" color="000000"/><AnnotationChanged time="1150.980" page="P26" action="Move" elementId="pointer" dx="-1.000" dy="0.000"/><AnnotationChanged time="1153.140" page="P26" action="Delete" elementId="pointer"/><AnimationChanged time="1157.900" page="P27" currentStep="0"/><AnnotationChanged time="1171.120" page="P27" action="Draw" elementId="pointer" type="Pointer" keyPoints="383.000,205.000" color="000000"/><AnnotationChanged time="1171.950" page="P27" action="Delete" elementId="pointer"/><AnnotationChanged time="1172.850" page="P27" action="Draw" elementId="pointer" type="Pointer" keyPoints="198.000,457.000" color="000000"/><AnnotationChanged time="1174.830" page="P27" action="Delete" elementId="pointer"/><AnnotationChanged time="1183.050" page="P27" action="Draw" elementId="pointer" type="Pointer" keyPoints="382.000,359.000" color="000000"/><AnnotationChanged time="1190.480" page="P27" action="Delete" elementId="pointer"/><AnnotationChanged time="1191.740" page="P27" action="Draw" elementId="pointer" type="Pointer" keyPoints="162.000,382.000" color="000000"/><AnnotationChanged time="1193.450" page="P27" action="Delete" elementId="pointer"/><AnnotationChanged time="1195.370" page="P27" action="Draw" elementId="pointer" type="Pointer" keyPoints="326.000,247.000" color="000000"/><AnnotationChanged time="1196.340" page="P27" action="Move" elementId="pointer" dx="0.000" dy="1.000"/><AnnotationChanged time="1196.470" page="P27" action="Move" elementId="pointer" dx="0.000" dy="2.000"/><AnnotationChanged time="1199.760" page="P27" action="Delete" elementId="pointer"/><AnnotationChanged time="1208.100" page="P27" action="Draw" elementId="pointer" type="Pointer" keyPoints="155.000,326.000" color="000000"/><AnnotationChanged time="1209.720" page="P27" action="Delete" elementId="pointer"/><AnnotationChanged time="1210.870" page="P27" action="Draw" elementId="pointer" type="Pointer" keyPoints="408.000,322.000" color="000000"/><AnnotationChanged time="1212.390" page="P27" action="Move" elementId="pointer" dx="1.000" dy="8.000"/><AnnotationChanged time="1212.700" page="P27" action="Delete" elementId="pointer"/><AnimationChanged time="1218.840" page="P28" currentStep="0"/><AnnotationChanged time="1226.710" page="P28" action="Draw" elementId="pointer" type="Pointer" keyPoints="152.000,128.000" color="000000"/><AnnotationChanged time="1227.070" page="P28" action="Delete" elementId="pointer"/><AnnotationChanged time="1229.150" page="P28" action="Draw" elementId="pointer" type="Pointer" keyPoints="113.000,127.000" color="000000"/><AnnotationChanged time="1229.980" page="P28" action="Move" elementId="pointer" dx="0.000" dy="1.000"/><AnnotationChanged time="1230.190" page="P28" action="Move" elementId="pointer" dx="0.000" dy="1.000"/><AnnotationChanged time="1230.380" page="P28" action="Move" elementId="pointer" dx="1.000" dy="2.000"/><AnnotationChanged time="1230.480" page="P28" action="Move" elementId="pointer" dx="-1.000" dy="3.000"/><AnnotationChanged time="1230.940" page="P28" action="Move" elementId="pointer" dx="-1.000" dy="0.000"/><AnnotationChanged time="1231.100" page="P28" action="Delete" elementId="pointer"/><AnnotationChanged time="1235.110" page="P28" action="Draw" elementId="pointer" type="Pointer" keyPoints="267.000,157.000" color="000000"/><AnnotationChanged time="1237.230" page="P28" action="Delete" elementId="pointer"/><AnnotationChanged time="1238.560" page="P28" action="Draw" elementId="pointer" type="Pointer" keyPoints="91.000,185.000" color="000000"/><AnnotationChanged time="1239.930" page="P28" action="Delete" elementId="pointer"/><AnnotationChanged time="1241.160" page="P28" action="Draw" elementId="pointer" type="Pointer" keyPoints="168.000,185.000" color="000000"/><AnnotationChanged time="1241.940" page="P28" action="Delete" elementId="pointer"/><AnnotationChanged time="1242.730" page="P28" action="Draw" elementId="pointer" type="Pointer" keyPoints="281.000,185.000" color="000000"/><AnnotationChanged time="1243.660" page="P28" action="Move" elementId="pointer" dx="85.000" dy="2.000"/><AnnotationChanged time="1243.810" page="P28" action="Delete" elementId="pointer"/><AnnotationChanged time="1244.100" page="P28" action="Draw" elementId="pointer" type="Pointer" keyPoints="367.000,187.000" color="000000"/><AnnotationChanged time="1245.230" page="P28" action="Delete" elementId="pointer"/><AnnotationChanged time="1246.060" page="P28" action="Draw" elementId="pointer" type="Pointer" keyPoints="174.000,188.000" color="000000"/><AnnotationChanged time="1248.140" page="P28" action="Delete" elementId="pointer"/><AnnotationChanged time="1250.530" page="P28" action="Draw" elementId="pointer" type="Pointer" keyPoints="240.000,234.000" color="000000"/><AnnotationChanged time="1255.220" page="P28" action="Delete" elementId="pointer"/><AnnotationChanged time="1256.370" page="P28" action="Draw" elementId="pointer" type="Pointer" keyPoints="141.000,269.000" color="000000"/><AnnotationChanged time="1257.430" page="P28" action="Delete" elementId="pointer"/><AnnotationChanged time="1258.310" page="P28" action="Draw" elementId="pointer" type="Pointer" keyPoints="166.000,265.000" color="000000"/><AnnotationChanged time="1259.730" page="P28" action="Delete" elementId="pointer"/><AnnotationChanged time="1291.630" page="P28" action="Draw" elementId="pointer" type="Pointer" keyPoints="359.000,316.000" color="000000"/><AnnotationChanged time="1299.490" page="P28" action="Delete" elementId="pointer"/><AnnotationChanged time="1306.400" page="P28" action="Draw" elementId="pointer" type="Pointer" keyPoints="380.000,360.000" color="000000"/><AnnotationChanged time="1312.650" page="P28" action="Delete" elementId="pointer"/><AnimationChanged time="1315.350" page="P29" currentStep="0"/><AnnotationChanged time="1327.480" page="P29" action="Draw" elementId="pointer" type="Pointer" keyPoints="245.000,139.000" color="000000"/><AnnotationChanged time="1328.200" page="P29" action="Delete" elementId="pointer"/><AnnotationChanged time="1329.450" page="P29" action="Draw" elementId="pointer" type="Pointer" keyPoints="354.000,138.000" color="000000"/><AnnotationChanged time="1331.810" page="P29" action="Delete" elementId="pointer"/><AnnotationChanged time="1334.040" page="P29" action="Draw" elementId="pointer" type="Pointer" keyPoints="65.000,154.000" color="000000"/><AnnotationChanged time="1334.320" page="P29" action="Delete" elementId="pointer"/><AnnotationChanged time="1349.760" page="P29" action="Draw" elementId="pointer" type="Pointer" keyPoints="69.000,180.000" color="000000"/><AnnotationChanged time="1350.780" page="P29" action="Delete" elementId="pointer"/><AnnotationChanged time="1359.370" page="P29" action="Draw" elementId="pointer" type="Pointer" keyPoints="428.000,213.000" color="000000"/><AnnotationChanged time="1361.550" page="P29" action="Move" elementId="pointer" dx="0.000" dy="3.000"/><AnnotationChanged time="1362.320" page="P29" action="Delete" elementId="pointer"/><AnnotationChanged time="1364.160" page="P29" action="Draw" elementId="pointer" type="Pointer" keyPoints="374.000,221.000" color="000000"/><AnnotationChanged time="1364.400" page="P29" action="Delete" elementId="pointer"/><AnnotationChanged time="1365.790" page="P29" action="Draw" elementId="pointer" type="Pointer" keyPoints="60.000,154.000" color="000000"/><AnnotationChanged time="1366.370" page="P29" action="Move" elementId="pointer" dx="0.000" dy="1.000"/><AnnotationChanged time="1366.480" page="P29" action="Move" elementId="pointer" dx="0.000" dy="3.000"/><AnnotationChanged time="1366.910" page="P29" action="Move" elementId="pointer" dx="0.000" dy="2.000"/><AnnotationChanged time="1367.510" page="P29" action="Delete" elementId="pointer"/><AnimationChanged time="1378.760" page="P30" currentStep="0"/><AnnotationChanged time="1385.460" page="P30" action="Draw" elementId="pointer" type="Pointer" keyPoints="277.000,238.000" color="000000"/><AnnotationChanged time="1387.960" page="P30" action="Delete" elementId="pointer"/><AnnotationChanged time="1388.930" page="P30" action="Draw" elementId="pointer" type="Pointer" keyPoints="157.000,171.000" color="000000"/><AnnotationChanged time="1389.300" page="P30" action="Delete" elementId="pointer"/><AnnotationChanged time="1392.600" page="P30" action="Draw" elementId="pointer" type="Pointer" keyPoints="198.000,130.000" color="000000"/><AnnotationChanged time="1394.300" page="P30" action="Delete" elementId="pointer"/><AnnotationChanged time="1395.430" page="P30" action="Draw" elementId="pointer" type="Pointer" keyPoints="347.000,201.000" color="000000"/><AnnotationChanged time="1396.190" page="P30" action="Delete" elementId="pointer"/><AnnotationChanged time="1399.220" page="P30" action="Draw" elementId="pointer" type="Pointer" keyPoints="106.000,298.000" color="000000"/><AnnotationChanged time="1400.360" page="P30" action="Delete" elementId="pointer"/><AnnotationChanged time="1401.880" page="P30" action="Draw" elementId="pointer" type="Pointer" keyPoints="303.000,273.000" color="000000"/><AnnotationChanged time="1402.850" page="P30" action="Delete" elementId="pointer"/><AnnotationChanged time="1404.320" page="P30" action="Draw" elementId="pointer" type="Pointer" keyPoints="314.000,238.000" color="000000"/><AnnotationChanged time="1404.980" page="P30" action="Delete" elementId="pointer"/><AnnotationChanged time="1405.960" page="P30" action="Draw" elementId="pointer" type="Pointer" keyPoints="375.000,232.000" color="000000"/><AnnotationChanged time="1408.260" page="P30" action="Delete" elementId="pointer"/><AnimationChanged time="1422.360" page="P31" currentStep="0"/><AnimationChanged time="1443.480" page="P32" currentStep="0"/><AnimationChanged time="1455.640" page="P33" currentStep="0"/><AnnotationChanged time="1457.580" page="P33" action="Draw" elementId="pointer" type="Pointer" keyPoints="212.000,204.000" color="000000"/><AnnotationChanged time="1461.080" page="P33" action="Delete" elementId="pointer"/><AnnotationChanged time="1461.740" page="P33" action="Draw" elementId="pointer" type="Pointer" keyPoints="504.000,188.000" color="000000"/><AnnotationChanged time="1463.510" page="P33" action="Delete" elementId="pointer"/><AnnotationChanged time="1469.400" page="P33" action="Draw" elementId="pointer" type="Pointer" keyPoints="289.000,300.000" color="000000"/><AnnotationChanged time="1470.320" page="P33" action="Delete" elementId="pointer"/><AnnotationChanged time="1473.970" page="P33" action="Draw" elementId="pointer" type="Pointer" keyPoints="204.000,327.000" color="000000"/><AnnotationChanged time="1474.700" page="P33" action="Delete" elementId="pointer"/><AnnotationChanged time="1475.160" page="P33" action="Draw" elementId="pointer" type="Pointer" keyPoints="367.000,331.000" color="000000"/><AnnotationChanged time="1475.580" page="P33" action="Delete" elementId="pointer"/><AnnotationChanged time="1476.250" page="P33" action="Draw" elementId="pointer" type="Pointer" keyPoints="449.000,324.000" color="000000"/><AnnotationChanged time="1476.680" page="P33" action="Delete" elementId="pointer"/><AnnotationChanged time="1477.820" page="P33" action="Draw" elementId="pointer" type="Pointer" keyPoints="313.000,312.000" color="000000"/><AnnotationChanged time="1478.930" page="P33" action="Delete" elementId="pointer"/><AnimationChanged time="1481.100" page="P34" currentStep="0"/><AnnotationChanged time="1487.010" page="P34" action="Draw" elementId="pointer" type="Pointer" keyPoints="63.000,120.000" color="000000"/><AnnotationChanged time="1488.400" page="P34" action="Delete" elementId="pointer"/><AnnotationChanged time="1493.650" page="P34" action="Draw" elementId="pointer" type="Pointer" keyPoints="374.000,130.000" color="000000"/><AnnotationChanged time="1495.120" page="P34" action="Delete" elementId="pointer"/><AnnotationChanged time="1503.440" page="P34" action="Draw" elementId="pointer" type="Pointer" keyPoints="136.000,140.000" color="000000"/><AnnotationChanged time="1504.100" page="P34" action="Delete" elementId="pointer"/><AnnotationChanged time="1506.670" page="P34" action="Draw" elementId="pointer" type="Pointer" keyPoints="421.000,175.000" color="000000"/><AnnotationChanged time="1507.570" page="P34" action="Delete" elementId="pointer"/><AnnotationChanged time="1508.570" page="P34" action="Draw" elementId="pointer" type="Pointer" keyPoints="366.000,225.000" color="000000"/><AnnotationChanged time="1508.770" page="P34" action="Delete" elementId="pointer"/><AnnotationChanged time="1513.800" page="P34" action="Draw" elementId="pointer" type="Pointer" keyPoints="357.000,431.000" color="000000"/><AnnotationChanged time="1516.160" page="P34" action="Delete" elementId="pointer"/><AnimationChanged time="1523.330" page="P35" currentStep="0"/><AnnotationChanged time="1530.740" page="P35" action="Draw" elementId="pointer" type="Pointer" keyPoints="281.000,155.000" color="000000"/><AnnotationChanged time="1531.770" page="P35" action="Delete" elementId="pointer"/><AnnotationChanged time="1533.300" page="P35" action="Draw" elementId="pointer" type="Pointer" keyPoints="320.000,182.000" color="000000"/><AnnotationChanged time="1533.980" page="P35" action="Delete" elementId="pointer"/><AnnotationChanged time="1534.490" page="P35" action="Draw" elementId="pointer" type="Pointer" keyPoints="439.000,184.000" color="000000"/><AnnotationChanged time="1535.060" page="P35" action="Delete" elementId="pointer"/><AnnotationChanged time="1536.230" page="P35" action="Draw" elementId="pointer" type="Pointer" keyPoints="583.000,187.000" color="000000"/><AnnotationChanged time="1537.430" page="P35" action="Delete" elementId="pointer"/><AnnotationChanged time="1542.260" page="P35" action="Draw" elementId="pointer" type="Pointer" keyPoints="280.000,210.000" color="000000"/><AnnotationChanged time="1545.120" page="P35" action="Delete" elementId="pointer"/><AnnotationChanged time="1545.960" page="P35" action="Draw" elementId="pointer" type="Pointer" keyPoints="171.000,204.000" color="000000"/><AnnotationChanged time="1546.500" page="P35" action="Delete" elementId="pointer"/><AnnotationChanged time="1547.670" page="P35" action="Draw" elementId="pointer" type="Pointer" keyPoints="260.000,203.000" color="000000"/><AnnotationChanged time="1547.860" page="P35" action="Delete" elementId="pointer"/><AnnotationChanged time="1548.770" page="P35" action="Draw" elementId="pointer" type="Pointer" keyPoints="273.000,238.000" color="000000"/><AnnotationChanged time="1549.160" page="P35" action="Delete" elementId="pointer"/><AnnotationChanged time="1550.060" page="P35" action="Draw" elementId="pointer" type="Pointer" keyPoints="326.000,238.000" color="000000"/><AnnotationChanged time="1553.460" page="P35" action="Delete" elementId="pointer"/><AnnotationChanged time="1554.690" page="P35" action="Draw" elementId="pointer" type="Pointer" keyPoints="118.000,231.000" color="000000"/><AnnotationChanged time="1555.200" page="P35" action="Delete" elementId="pointer"/><AnnotationChanged time="1560.430" page="P35" action="Draw" elementId="pointer" type="Pointer" keyPoints="178.000,277.000" color="000000"/><AnnotationChanged time="1561.100" page="P35" action="Delete" elementId="pointer"/><AnnotationChanged time="1561.940" page="P35" action="Draw" elementId="pointer" type="Pointer" keyPoints="291.000,285.000" color="000000"/><AnnotationChanged time="1564.190" page="P35" action="Delete" elementId="pointer"/><AnnotationChanged time="1567.190" page="P35" action="Draw" elementId="pointer" type="Pointer" keyPoints="218.000,318.000" color="000000"/><AnnotationChanged time="1567.310" page="P35" action="Delete" elementId="pointer"/><AnnotationChanged time="1567.860" page="P35" action="Draw" elementId="pointer" type="Pointer" keyPoints="324.000,325.000" color="000000"/><AnnotationChanged time="1568.590" page="P35" action="Delete" elementId="pointer"/><AnimationChanged time="1575.860" page="P36" currentStep="1"/><AnnotationChanged time="1607.970" page="P36" action="Draw" elementId="pointer" type="Pointer" keyPoints="500.000,374.000" color="000000"/><AnnotationChanged time="1610.490" page="P36" action="Delete" elementId="pointer"/><AnimationChanged time="1614.140" page="P37" currentStep="0"/><AnnotationChanged time="1632.590" page="P37" action="Draw" elementId="pointer" type="Pointer" keyPoints="263.000,300.000" color="000000"/><AnnotationChanged time="1633.250" page="P37" action="Delete" elementId="pointer"/><AnnotationChanged time="1633.970" page="P37" action="Draw" elementId="pointer" type="Pointer" keyPoints="232.000,331.000" color="000000"/><AnnotationChanged time="1634.530" page="P37" action="Delete" elementId="pointer"/><AnnotationChanged time="1635.200" page="P37" action="Draw" elementId="pointer" type="Pointer" keyPoints="257.000,381.000" color="000000"/><AnnotationChanged time="1638.310" page="P37" action="Delete" elementId="pointer"/><AnimationChanged time="1642.750" page="P38" currentStep="1"/><AnnotationChanged time="1665.940" page="P38" action="Draw" elementId="pointer" type="Pointer" keyPoints="265.000,269.000" color="000000"/><AnnotationChanged time="1667.470" page="P38" action="Delete" elementId="pointer"/><AnnotationChanged time="1667.960" page="P38" action="Draw" elementId="pointer" type="Pointer" keyPoints="271.000,295.000" color="000000"/><AnnotationChanged time="1669.140" page="P38" action="Delete" elementId="pointer"/><AnnotationChanged time="1669.990" page="P38" action="Draw" elementId="pointer" type="Pointer" keyPoints="251.000,322.000" color="000000"/><AnnotationChanged time="1670.280" page="P38" action="Delete" elementId="pointer"/><AnnotationChanged time="1673.250" page="P38" action="Draw" elementId="pointer" type="Pointer" keyPoints="261.000,333.000" color="000000"/><AnnotationChanged time="1674.660" page="P38" action="Delete" elementId="pointer"/><AnnotationChanged time="1676.610" page="P38" action="Draw" elementId="pointer" type="Pointer" keyPoints="537.000,330.000" color="000000"/><AnnotationChanged time="1677.280" page="P38" action="Delete" elementId="pointer"/><AnnotationChanged time="1677.860" page="P38" action="Draw" elementId="pointer" type="Pointer" keyPoints="539.000,364.000" color="000000"/><AnnotationChanged time="1677.960" page="P38" action="Delete" elementId="pointer"/><AnnotationChanged time="1679.100" page="P38" action="Draw" elementId="pointer" type="Pointer" keyPoints="266.000,380.000" color="000000"/><AnnotationChanged time="1680.800" page="P38" action="Delete" elementId="pointer"/><AnimationChanged time="1682.810" page="P39" currentStep="0"/><AnnotationChanged time="1695.580" page="P39" action="Draw" elementId="pointer" type="Pointer" keyPoints="517.000,243.000" color="000000"/><AnnotationChanged time="1698.930" page="P39" action="Delete" elementId="pointer"/><AnnotationChanged time="1702.320" page="P39" action="Draw" elementId="pointer" type="Pointer" keyPoints="181.000,306.000" color="000000"/><AnnotationChanged time="1704.560" page="P39" action="Delete" elementId="pointer"/><AnnotationChanged time="1705.200" page="P39" action="Draw" elementId="pointer" type="Pointer" keyPoints="203.000,328.000" color="000000"/><AnnotationChanged time="1705.890" page="P39" action="Delete" elementId="pointer"/><AnimationChanged time="1710.860" page="P40" currentStep="0"/><AnnotationChanged time="1722.410" page="P40" action="Draw" elementId="pointer" type="Pointer" keyPoints="144.000,195.000" color="000000"/><AnnotationChanged time="1722.560" page="P40" action="Delete" elementId="pointer"/><AnnotationChanged time="1727.370" page="P40" action="Draw" elementId="pointer" type="Pointer" keyPoints="247.000,335.000" color="000000"/><AnnotationChanged time="1728.220" page="P40" action="Delete" elementId="pointer"/><AnnotationChanged time="1728.980" page="P40" action="Draw" elementId="pointer" type="Pointer" keyPoints="250.000,372.000" color="000000"/><AnnotationChanged time="1729.580" page="P40" action="Delete" elementId="pointer"/><AnnotationChanged time="1730.780" page="P40" action="Draw" elementId="pointer" type="Pointer" keyPoints="300.000,405.000" color="000000"/><AnnotationChanged time="1731.230" page="P40" action="Delete" elementId="pointer"/><AnnotationChanged time="1731.950" page="P40" action="Draw" elementId="pointer" type="Pointer" keyPoints="249.000,436.000" color="000000"/><AnnotationChanged time="1732.730" page="P40" action="Delete" elementId="pointer"/><AnimationChanged time="1735.340" page="P41" currentStep="0"/><AnnotationChanged time="1741.820" page="P41" action="Draw" elementId="pointer" type="Pointer" keyPoints="229.000,175.000" color="000000"/><AnnotationChanged time="1744.110" page="P41" action="Delete" elementId="pointer"/><AnnotationChanged time="1745.350" page="P41" action="Draw" elementId="pointer" type="Pointer" keyPoints="275.000,209.000" color="000000"/><AnnotationChanged time="1746.400" page="P41" action="Delete" elementId="pointer"/><AnnotationChanged time="1746.990" page="P41" action="Draw" elementId="pointer" type="Pointer" keyPoints="212.000,242.000" color="000000"/><AnnotationChanged time="1747.530" page="P41" action="Delete" elementId="pointer"/><AnnotationChanged time="1750.330" page="P41" action="Draw" elementId="pointer" type="Pointer" keyPoints="308.000,333.000" color="000000"/><AnnotationChanged time="1751.330" page="P41" action="Delete" elementId="pointer"/><AnnotationChanged time="1753.150" page="P41" action="Draw" elementId="pointer" type="Pointer" keyPoints="171.000,465.000" color="000000"/><AnnotationChanged time="1754.350" page="P41" action="Delete" elementId="pointer"/><AnnotationChanged time="1755.080" page="P41" action="Draw" elementId="pointer" type="Pointer" keyPoints="271.000,466.000" color="000000"/><AnnotationChanged time="1755.900" page="P41" action="Delete" elementId="pointer"/><AnnotationChanged time="1762.450" page="P41" action="Draw" elementId="pointer" type="Pointer" keyPoints="559.000,101.000" color="000000"/><AnnotationChanged time="1764.150" page="P41" action="Delete" elementId="pointer"/><AnnotationChanged time="1766.230" page="P41" action="Draw" elementId="pointer" type="Pointer" keyPoints="611.000,174.000" color="000000"/><AnnotationChanged time="1766.780" page="P41" action="Delete" elementId="pointer"/><AnnotationChanged time="1767.630" page="P41" action="Draw" elementId="pointer" type="Pointer" keyPoints="607.000,230.000" color="000000"/><AnnotationChanged time="1768.190" page="P41" action="Delete" elementId="pointer"/><AnnotationChanged time="1768.990" page="P41" action="Draw" elementId="pointer" type="Pointer" keyPoints="621.000,323.000" color="000000"/><AnnotationChanged time="1769.280" page="P41" action="Delete" elementId="pointer"/><AnnotationChanged time="1770.280" page="P41" action="Draw" elementId="pointer" type="Pointer" keyPoints="601.000,380.000" color="000000"/><AnnotationChanged time="1770.450" page="P41" action="Delete" elementId="pointer"/><AnimationChanged time="1773.390" page="P42" currentStep="0"/><AnnotationChanged time="1786.040" page="P42" action="Draw" elementId="pointer" type="Pointer" keyPoints="216.000,302.000" color="000000"/><AnnotationChanged time="1786.150" page="P42" action="Delete" elementId="pointer"/><AnimationChanged time="1789.330" page="P43" currentStep="0"/><AnnotationChanged time="1796.310" page="P43" action="Draw" elementId="pointer" type="Pointer" keyPoints="216.000,105.000" color="000000"/><AnnotationChanged time="1797.250" page="P43" action="Delete" elementId="pointer"/><AnnotationChanged time="1798.970" page="P43" action="Draw" elementId="pointer" type="Pointer" keyPoints="179.000,141.000" color="000000"/><AnnotationChanged time="1802.450" page="P43" action="Delete" elementId="pointer"/><AnnotationChanged time="1803.000" page="P43" action="Draw" elementId="pointer" type="Pointer" keyPoints="230.000,142.000" color="000000"/><AnnotationChanged time="1804.430" page="P43" action="Delete" elementId="pointer"/><AnnotationChanged time="1805.030" page="P43" action="Draw" elementId="pointer" type="Pointer" keyPoints="337.000,140.000" color="000000"/><AnnotationChanged time="1807.650" page="P43" action="Delete" elementId="pointer"/><AnnotationChanged time="1808.760" page="P43" action="Draw" elementId="pointer" type="Pointer" keyPoints="95.000,139.000" color="000000"/><AnnotationChanged time="1811.460" page="P43" action="Delete" elementId="pointer"/><AnnotationChanged time="1812.650" page="P43" action="Draw" elementId="pointer" type="Pointer" keyPoints="178.000,147.000" color="000000"/><AnnotationChanged time="1817.060" page="P43" action="Delete" elementId="pointer"/><AnnotationChanged time="1820.120" page="P43" action="Draw" elementId="pointer" type="Pointer" keyPoints="248.000,207.000" color="000000"/><AnnotationChanged time="1820.730" page="P43" action="Delete" elementId="pointer"/><AnnotationChanged time="1821.390" page="P43" action="Draw" elementId="pointer" type="Pointer" keyPoints="249.000,166.000" color="000000"/><AnnotationChanged time="1821.520" page="P43" action="Move" elementId="pointer" dx="0.000" dy="1.000"/><AnnotationChanged time="1822.200" page="P43" action="Delete" elementId="pointer"/><AnnotationChanged time="1824.230" page="P43" action="Draw" elementId="pointer" type="Pointer" keyPoints="235.000,318.000" color="000000"/><AnnotationChanged time="1825.630" page="P43" action="Delete" elementId="pointer"/><AnnotationChanged time="1826.710" page="P43" action="Draw" elementId="pointer" type="Pointer" keyPoints="260.000,162.000" color="000000"/><AnnotationChanged time="1827.280" page="P43" action="Delete" elementId="pointer"/><AnnotationChanged time="1827.910" page="P43" action="Draw" elementId="pointer" type="Pointer" keyPoints="331.000,159.000" color="000000"/><AnnotationChanged time="1830.430" page="P43" action="Delete" elementId="pointer"/><AnnotationChanged time="1831.940" page="P43" action="Draw" elementId="pointer" type="Pointer" keyPoints="404.000,159.000" color="000000"/><AnnotationChanged time="1834.670" page="P43" action="Delete" elementId="pointer"/><AnnotationChanged time="1835.940" page="P43" action="Draw" elementId="pointer" type="Pointer" keyPoints="269.000,196.000" color="000000"/><AnnotationChanged time="1837.670" page="P43" action="Move" elementId="pointer" dx="0.000" dy="1.000"/><AnnotationChanged time="1837.720" page="P43" action="Move" elementId="pointer" dx="0.000" dy="3.000"/><AnnotationChanged time="1841.230" page="P43" action="Delete" elementId="pointer"/><AnnotationChanged time="1842.880" page="P43" action="Draw" elementId="pointer" type="Pointer" keyPoints="62.000,180.000" color="000000"/><AnnotationChanged time="1843.680" page="P43" action="Move" elementId="pointer" dx="0.000" dy="1.000"/><AnnotationChanged time="1843.770" page="P43" action="Move" elementId="pointer" dx="0.000" dy="1.000"/><AnnotationChanged time="1843.840" page="P43" action="Move" elementId="pointer" dx="0.000" dy="3.000"/><AnnotationChanged time="1843.900" page="P43" action="Move" elementId="pointer" dx="0.000" dy="2.000"/><AnnotationChanged time="1844.440" page="P43" action="Delete" elementId="pointer"/><AnnotationChanged time="1851.640" page="P43" action="Draw" elementId="pointer" type="Pointer" keyPoints="273.000,196.000" color="000000"/><AnnotationChanged time="1852.530" page="P43" action="Delete" elementId="pointer"/><AnnotationChanged time="1853.280" page="P43" action="Draw" elementId="pointer" type="Pointer" keyPoints="441.000,202.000" color="000000"/><AnnotationChanged time="1854.480" page="P43" action="Delete" elementId="pointer"/><AnnotationChanged time="1858.290" page="P43" action="Draw" elementId="pointer" type="Pointer" keyPoints="292.000,269.000" color="000000"/><AnnotationChanged time="1862.460" page="P43" action="Delete" elementId="pointer"/><AnnotationChanged time="1864.360" page="P43" action="Draw" elementId="pointer" type="Pointer" keyPoints="279.000,265.000" color="000000"/><AnnotationChanged time="1865.150" page="P43" action="Move" elementId="pointer" dx="0.000" dy="2.000"/><AnnotationChanged time="1865.310" page="P43" action="Move" elementId="pointer" dx="0.000" dy="2.000"/><AnnotationChanged time="1865.500" page="P43" action="Move" elementId="pointer" dx="0.000" dy="2.000"/><AnnotationChanged time="1866.740" page="P43" action="Move" elementId="pointer" dx="0.000" dy="-1.000"/><AnnotationChanged time="1867.370" page="P43" action="Delete" elementId="pointer"/><AnnotationChanged time="1869.420" page="P43" action="Draw" elementId="pointer" type="Pointer" keyPoints="66.000,253.000" color="000000"/><AnnotationChanged time="1870.790" page="P43" action="Delete" elementId="pointer"/><AnnotationChanged time="1876.670" page="P43" action="Draw" elementId="pointer" type="Pointer" keyPoints="296.000,352.000" color="000000"/><AnnotationChanged time="1877.290" page="P43" action="Delete" elementId="pointer"/><AnnotationChanged time="1881.060" page="P43" action="Draw" elementId="pointer" type="Pointer" keyPoints="382.000,314.000" color="000000"/><AnnotationChanged time="1885.450" page="P43" action="Delete" elementId="pointer"/><AnimationChanged time="1888.720" page="P44" currentStep="0"/><AnnotationChanged time="1903.060" page="P44" action="Draw" elementId="pointer" type="Pointer" keyPoints="247.000,193.000" color="000000"/><AnnotationChanged time="1906.260" page="P44" action="Delete" elementId="pointer"/><AnnotationChanged time="1909.250" page="P44" action="Draw" elementId="pointer" type="Pointer" keyPoints="263.000,257.000" color="000000"/><AnnotationChanged time="1911.160" page="P44" action="Delete" elementId="pointer"/><AnnotationChanged time="1924.930" page="P44" action="Draw" elementId="pointer" type="Pointer" keyPoints="271.000,355.000" color="000000"/><AnnotationChanged time="1926.200" page="P44" action="Delete" elementId="pointer"/><AnnotationChanged time="1926.790" page="P44" action="Draw" elementId="pointer" type="Pointer" keyPoints="269.000,384.000" color="000000"/><AnnotationChanged time="1926.930" page="P44" action="Move" elementId="pointer" dx="-1.000" dy="0.000"/><AnnotationChanged time="1927.350" page="P44" action="Delete" elementId="pointer"/><AnnotationChanged time="1928.980" page="P44" action="Draw" elementId="pointer" type="Pointer" keyPoints="269.000,452.000" color="000000"/><AnnotationChanged time="1929.600" page="P44" action="Delete" elementId="pointer"/><AnimationChanged time="1932.070" page="P45" currentStep="0"/><AnimationChanged time="1984.640" page="P46" currentStep="0"/><AnimationChanged time="1994.490" page="P47" currentStep="0"/><AnimationChanged time="2018.160" page="P48" currentStep="0"/><AnimationChanged time="2044.130" page="P49" currentStep="0"/><AnimationChanged time="2061.620" page="P50" currentStep="0"/></InnerPageMessageList><QAMessageList/><PrimaryVideoSrcMessageList/><BizCardChangedMessageList/><NextID>1</NextID></Presentation>
