<?xml version="1.0" encoding="utf-8"?>
<Presentation version="8.0.2027.0127"><ContentChanged><IndexItem time="0.700" seekTime="0.700" thumb="res/Pic/Page_1.png" contentType="Ppt"><![CDATA[Slide 1]]></IndexItem><IndexItem time="13.620" seekTime="13.620" thumb="res/Pic/Page_2.png" contentType="Ppt"><![CDATA[Inventor API Online – Class Content]]></IndexItem><IndexItem time="28.120" seekTime="28.120" thumb="res/Pic/Page_3.png" contentType="Ppt"><![CDATA[Slide 3]]></IndexItem><IndexItem time="41.410" seekTime="41.410" thumb="res/Pic/Page_4.png" contentType="Ppt"><![CDATA[Agenda]]></IndexItem><IndexItem time="60.800" seekTime="60.800" thumb="res/Pic/Page_5.png" contentType="Ppt"><![CDATA[Document Functionalities]]></IndexItem><IndexItem time="105.410" seekTime="105.410" thumb="res/Pic/Page_6.png" contentType="Ppt"><![CDATA[Document Types]]></IndexItem><IndexItem time="156.290" seekTime="156.290" thumb="res/Pic/Page_7.png" contentType="Ppt"><![CDATA[Accessing Documents]]></IndexItem><IndexItem time="200.310" seekTime="200.310" thumb="res/Pic/Page_8.png" contentType="Ppt"><![CDATA[Templates]]></IndexItem><IndexItem time="255.310" seekTime="255.310" thumb="res/Pic/Page_9.png" contentType="Ppt"><![CDATA[Opening and Creating Documents]]></IndexItem><IndexItem time="354.620" seekTime="354.620" thumb="res/Pic/Page_10.png" contentType="Ppt"><![CDATA[Saving Documents]]></IndexItem><IndexItem time="407.630" seekTime="407.630" thumb="res/Pic/Page_11.png" contentType="Ppt"><![CDATA[Closing Documents]]></IndexItem><IndexItem time="458.200" seekTime="458.200" thumb="res/Pic/Page_12.png" contentType="Ppt"><![CDATA[Document Settings]]></IndexItem><IndexItem time="495.300" seekTime="495.300" thumb="res/Pic/Page_13.png" contentType="Ppt"><![CDATA[iProperties in the User Interface]]></IndexItem><IndexItem time="524.860" seekTime="524.860" thumb="res/Pic/Page_14.png" contentType="Ppt"><![CDATA[iProperties – Property Sets]]></IndexItem><IndexItem time="543.490" seekTime="543.490" thumb="res/Pic/Page_15.png" contentType="Ppt"><![CDATA[iProperties – Property Set]]></IndexItem><IndexItem time="605.830" seekTime="605.830" thumb="res/Pic/Page_16.png" contentType="Ppt"><![CDATA[iProperties - Property]]></IndexItem><IndexItem time="629.470" seekTime="629.470" thumb="res/Pic/Page_17.png" contentType="Ppt"><![CDATA[iProperties]]></IndexItem><IndexItem time="646.920" seekTime="646.920" thumb="res/Pic/Page_18.png" contentType="Ppt"><![CDATA[iProperties]]></IndexItem><IndexItem time="685.950" seekTime="685.950" thumb="res/Pic/Page_19.png" contentType="Ppt"><![CDATA[iProperty Names]]></IndexItem><IndexItem time="709.920" seekTime="709.920" thumb="res/Pic/Page_20.png" contentType="Ppt"><![CDATA[iProperties – Accessing Example]]></IndexItem><IndexItem time="818.670" seekTime="818.670" thumb="res/Pic/Page_21.png" contentType="Ppt"><![CDATA[iProperties - Creation]]></IndexItem><IndexItem time="854.930" seekTime="854.930" thumb="res/Pic/Page_22.png" contentType="Ppt"><![CDATA[iProperties - Creation]]></IndexItem><IndexItem time="929.650" seekTime="929.650" thumb="res/Pic/Page_23.png" contentType="Ppt"><![CDATA[iProperties - Saving]]></IndexItem><IndexItem time="985.320" seekTime="985.320" thumb="res/Pic/Page_24.png" contentType="Ppt"><![CDATA[Lab: iProperties]]></IndexItem><IndexItem time="1023.600" seekTime="1023.600" thumb="res/Pic/Page_25.png" contentType="Ppt"><![CDATA[Units of Measure]]></IndexItem><IndexItem time="1074.130" seekTime="1074.130" thumb="res/Pic/Page_26.png" contentType="Ppt"><![CDATA[Units of Measure]]></IndexItem><IndexItem time="1157.900" seekTime="1157.900" thumb="res/Pic/Page_27.png" contentType="Ppt"><![CDATA[Units of Measure - Unit Types]]></IndexItem><IndexItem time="1218.840" seekTime="1218.840" thumb="res/Pic/Page_28.png" contentType="Ppt"><![CDATA[Units of Measure - Verifying User Input]]></IndexItem><IndexItem time="1315.350" seekTime="1315.350" thumb="res/Pic/Page_29.png" contentType="Ppt"><![CDATA[Units of Measure - Using User Input]]></IndexItem><IndexItem time="1378.760" seekTime="1378.760" thumb="res/Pic/Page_30.png" contentType="Ppt"><![CDATA[Units Of Measure - Displaying Values]]></IndexItem><IndexItem time="1422.360" seekTime="1422.360" thumb="res/Pic/Page_31.png" contentType="Ppt"><![CDATA[Component Definition]]></IndexItem><IndexItem time="1443.480" seekTime="1443.480" thumb="res/Pic/Page_32.png" contentType="Ppt"><![CDATA[Parameters - In the User Interface]]></IndexItem><IndexItem time="1455.640" seekTime="1455.640" thumb="res/Pic/Page_33.png" contentType="Ppt"><![CDATA[Parameters – In the API]]></IndexItem><IndexItem time="1481.100" seekTime="1481.100" thumb="res/Pic/Page_34.png" contentType="Ppt"><![CDATA[Parameters – UI vs. API]]></IndexItem><IndexItem time="1523.330" seekTime="1523.330" thumb="res/Pic/Page_35.png" contentType="Ppt"><![CDATA[Parameters - Setting Values]]></IndexItem><IndexItem time="1575.860" seekTime="1575.860" thumb="res/Pic/Page_36.png" contentType="Ppt"><![CDATA[Parameters - Units]]></IndexItem><IndexItem time="1614.140" seekTime="1614.140" thumb="res/Pic/Page_37.png" contentType="Ppt"><![CDATA[Parameters - Values]]></IndexItem><IndexItem time="1642.750" seekTime="1642.750" thumb="res/Pic/Page_38.png" contentType="Ppt"><![CDATA[Parameters - Tolerances]]></IndexItem><IndexItem time="1682.810" seekTime="1682.810" thumb="res/Pic/Page_39.png" contentType="Ppt"><![CDATA[Parameters - Tolerances]]></IndexItem><IndexItem time="1710.860" seekTime="1710.860" thumb="res/Pic/Page_40.png" contentType="Ppt"><![CDATA[Parameters – Parameter Types]]></IndexItem><IndexItem time="1735.340" seekTime="1735.340" thumb="res/Pic/Page_41.png" contentType="Ppt"><![CDATA[Parameters – Parameter Creation]]></IndexItem><IndexItem time="1773.390" seekTime="1773.390" thumb="res/Pic/Page_42.png" contentType="Ppt"><![CDATA[Parameters – Parameter Creation]]></IndexItem><IndexItem time="1789.330" seekTime="1789.330" thumb="res/Pic/Page_43.png" contentType="Ppt"><![CDATA[Creating Parameters - Examples]]></IndexItem><IndexItem time="1888.720" seekTime="1888.720" thumb="res/Pic/Page_44.png" contentType="Ppt"><![CDATA[Parameters – API Only Functionality]]></IndexItem><IndexItem time="1932.070" seekTime="1932.070" thumb="res/Pic/Page_45.png" contentType="Ppt"><![CDATA[Lab: Parameters and UOM]]></IndexItem><IndexItem time="1984.640" seekTime="1984.640" thumb="res/Pic/Page_46.png" contentType="Ppt"><![CDATA[Lab: iProperties - reminder]]></IndexItem><IndexItem time="1994.490" seekTime="1994.490" thumb="res/Pic/Page_47.png" contentType="Ppt"><![CDATA[Resources]]></IndexItem><IndexItem time="2018.160" seekTime="2018.160" thumb="res/Pic/Page_48.png" contentType="Ppt"><![CDATA[Next Week]]></IndexItem><IndexItem time="2044.130" seekTime="2044.130" thumb="res/Pic/Page_49.png" contentType="Ppt"><![CDATA[Class feedback and suggestions]]></IndexItem><IndexItem time="2061.620" seekTime="2061.620" thumb="res/Pic/Page_50.png" contentType="Ppt"><![CDATA[Slide 50]]></IndexItem></ContentChanged><SpeakerChanged/></Presentation>
