<?xml version="1.0" encoding="utf-8"?>
<Presentation version="8.0.2027.0127"><MiscInfo><Organizer><![CDATA[Jim Quanci]]></Organizer><StartTime>2010-03-11T09:18:25-08:00</StartTime><StopTime>2010-03-11T09:53:16-08:00</StopTime><Duration>2076.660</Duration><Subject><![CDATA[Introductory Inventor API virtual training class]]></Subject><Location><![CDATA[https://www.livemeeting.com/cc/autodesklearning]]></Location></MiscInfo><AttendeeList><Attendee id="Attendee_1"><FullName><![CDATA[Brian Hall]]></FullName><NameInMeeting><![CDATA[Brian Hall]]></NameInMeeting><Corporation><![CDATA[]]></Corporation><Title><![CDATA[]]></Title><Email><![CDATA[]]></Email></Attendee><Attendee id="Attendee_2"><FullName><![CDATA[Philippe Leefsma]]></FullName><NameInMeeting><![CDATA[Philippe Leefsma]]></NameInMeeting><Corporation><![CDATA[]]></Corporation><Title><![CDATA[]]></Title><Email><![CDATA[]]></Email></Attendee><Attendee id="Attendee_3"><FullName><![CDATA[Wayne Brill]]></FullName><NameInMeeting><![CDATA[Wayne Brill]]></NameInMeeting><Corporation><![CDATA[]]></Corporation><Title><![CDATA[]]></Title><Email><![CDATA[]]></Email></Attendee><Attendee id="Attendee_4"><FullName><![CDATA[Gary Wassell]]></FullName><NameInMeeting><![CDATA[Gary Wassell]]></NameInMeeting><Corporation><![CDATA[]]></Corporation><Title><![CDATA[]]></Title><Email><![CDATA[]]></Email></Attendee><Attendee id="Attendee_5"><FullName><![CDATA[Ben Gilmore]]></FullName><NameInMeeting><![CDATA[Ben Gilmore]]></NameInMeeting><Corporation><![CDATA[]]></Corporation><Title><![CDATA[]]></Title><Email><![CDATA[]]></Email></Attendee></AttendeeList><MeetingNotes><![CDATA[res\MeetingNotes.htm]]></MeetingNotes></Presentation>
